"Secteur","Libelle","CheminDepot","Url"
"Agriculture_AGRI","AGRI-EQ-101 vA14-1 : Module d’intégration de température installé sur un ordinateur climatique PDF – 107.35 Ko","Agriculture_AGRI/AGRI-EQ-101 vA14-1.pdf","https://www.ecologie.gouv.fr/sites/default/files/documents/AGRI-EQ-101%20vA14-1.pdf"
"Agriculture_AGRI","AGRI-EQ-101 vA14-1 - Partie A PDF – 100.52 Ko","Agriculture_AGRI/AGRI-EQ-101 vA14-1 - Partie A.pdf","https://www.ecologie.gouv.fr/sites/default/files/documents/AGRI-EQ-101%20vA14-1%20-%20Partie%20A.pdf"
"Agriculture_AGRI","AGRI-EQ-101 vA14-1 - Partie A à compter du 01-07-2026 PDF – 104.22 Ko","Agriculture_AGRI/AGRI-EQ-101 vA14-1 - Partie A à compter du 01-07-2026.pdf","https://www.ecologie.gouv.fr/sites/default/files/documents/AGRI-EQ-101%20vA14-1%20-%20Partie%20A%20%C3%A0%20compter%20du%2001-07-2026.pdf"
"Agriculture_AGRI","AGRI-EQ-102 vA65-2 à compter du 01-04-2025 : Double écran thermique PDF – 110.75 Ko","Agriculture_AGRI/AGRI-EQ-102 vA65-2 à compter du 01-04-2025_0.pdf","https://www.ecologie.gouv.fr/sites/default/files/documents/AGRI-EQ-102%20vA65-2%20%C3%A0%20compter%20du%2001-04-2025_0.pdf"
"Agriculture_AGRI","AGRI-EQ-102 vA65-2 à compter du 01-04-2025 - Partie A PDF – 103.18 Ko","Agriculture_AGRI/AGRI-EQ-102 vA65-2 à compter du 01-04-2025 - Partie A.pdf","https://www.ecologie.gouv.fr/sites/default/files/documents/AGRI-EQ-102%20vA65-2%20%C3%A0%20compter%20du%2001-04-2025%20-%20Partie%20A.pdf"
"Agriculture_AGRI","AGRI-EQ-102 vA65-2 à compter du 01-04-2025 - Partie A à compter du 01-07-2026 PDF – 106.06 Ko","Agriculture_AGRI/AGRI-EQ-102 vA65-2 à compter du 01-04-2025 - Partie A à compter du 01-07-2026.pdf","https://www.ecologie.gouv.fr/sites/default/files/documents/AGRI-EQ-102%20vA65-2%20%C3%A0%20compter%20du%2001-04-2025%20-%20Partie%20A%20%C3%A0%20compter%20du%2001-07-2026.pdf"
"Agriculture_AGRI","AGRI-EQ-104 vA62-2 à compter du 01-01-2025 : Ecrans thermiques latéraux PDF – 112.43 Ko","Agriculture_AGRI/AGRI-EQ-104 vA62-2 à compter du 01-01-2025_0.pdf","https://www.ecologie.gouv.fr/sites/default/files/documents/AGRI-EQ-104%20vA62-2%20%C3%A0%20compter%20du%2001-01-2025_0.pdf"
"Agriculture_AGRI","AGRI-EQ-104 vA62-2 à compter du 01-01-2025 - Partie A PDF – 101.81 Ko","Agriculture_AGRI/AGRI-EQ-104 vA62-2 à compter du 01-01-2025 - Partie A.pdf","https://www.ecologie.gouv.fr/sites/default/files/documents/AGRI-EQ-104%20vA62-2%20%C3%A0%20compter%20du%2001-01-2025%20-%20Partie%20A.pdf"
"Agriculture_AGRI","AGRI-EQ-104 vA62-2 à compter du 01-01-2025 - Partie A à compter du 01-07-2026 PDF – 105.3 Ko","Agriculture_AGRI/AGRI-EQ-104 vA62-2 à compter du 01-01-2025 - Partie A à compter du 01-07-2026.pdf","https://www.ecologie.gouv.fr/sites/default/files/documents/AGRI-EQ-104%20vA62-2%20%C3%A0%20compter%20du%2001-01-2025%20-%20Partie%20A%20%C3%A0%20compter%20du%2001-07-2026.pdf"
"Agriculture_AGRI","AGRI-EQ-105 vA28-1 à compter du 19-12-2018 : Stop & Start pour véhicules agricoles à moteur PDF – 115.65 Ko","Agriculture_AGRI/AGRI-EQ-105 vA28-1 à compter du 19-12-2018.pdf","https://www.ecologie.gouv.fr/sites/default/files/documents/AGRI-EQ-105%20vA28-1%20%C3%A0%20compter%20du%2019-12-2018.pdf"
"Agriculture_AGRI","AGRI-EQ-105 vA28-1 à compter du 19-12-2018 - Partie A PDF – 106.51 Ko","Agriculture_AGRI/AGRI-EQ-105 vA28-1 à compter du 19-12-2018 - Partie A.pdf","https://www.ecologie.gouv.fr/sites/default/files/documents/AGRI-EQ-105%20vA28-1%20%C3%A0%20compter%20du%2019-12-2018%20-%20Partie%20A.pdf"
"Agriculture_AGRI","AGRI-EQ-105 vA28-1 à compter du 19-12-2018 - Partie A à compter du 01-07-2026 PDF – 111.7 Ko","Agriculture_AGRI/AGRI-EQ-105 vA28-1 à compter du 19-12-2018 - Partie A à compter du 01-07-2026.pdf","https://www.ecologie.gouv.fr/sites/default/files/documents/AGRI-EQ-105%20vA28-1%20%C3%A0%20compter%20du%2019-12-2018%20-%20Partie%20A%20%C3%A0%20compter%20du%2001-07-2026.pdf"
"Agriculture_AGRI","AGRI-EQ-105 vA28-1 à compter du 19-12-2018 - Annexe 2 à compter du 01-07-2025 PDF – 106.48 Ko","Agriculture_AGRI/AGRI-EQ-105 vA28-1 à compter du 19-12-2018 - Annexe 2 à compter du 01-07-2025.pdf","https://www.ecologie.gouv.fr/sites/default/files/documents/AGRI-EQ-105%20vA28-1%20%C3%A0%20compter%20du%2019-12-2018%20-%20Annexe%202%20%C3%A0%20compter%20du%2001-07-2025.pdf"
"Agriculture_AGRI","AGRI-EQ-105 vA28-1 à compter du 19-12-2018 - Annexe 2 à compter du 01-07-2026 PDF – 108.63 Ko","Agriculture_AGRI/AGRI-EQ-105 vA28-1 à compter du 19-12-2018 - Annexe 2 à compter du 01-07-2026.pdf","https://www.ecologie.gouv.fr/sites/default/files/documents/AGRI-EQ-105%20vA28-1%20%C3%A0%20compter%20du%2019-12-2018%20-%20Annexe%202%20%C3%A0%20compter%20du%2001-07-2026.pdf"
"Agriculture_AGRI","AGRI-EQ-106 vA32-1 : Régulation de la ventilation des silos et des installations de stockage en vrac de céréales PDF – 123.51 Ko","Agriculture_AGRI/AGRI-EQ-106 vA32-1.pdf","https://www.ecologie.gouv.fr/sites/default/files/documents/AGRI-EQ-106%20vA32-1.pdf"
"Agriculture_AGRI","AGRI-EQ-106 vA32-1 - Partie A PDF – 119.64 Ko","Agriculture_AGRI/AGRI-EQ-106 vA32-1 - Partie A.pdf","https://www.ecologie.gouv.fr/sites/default/files/documents/AGRI-EQ-106%20vA32-1%20-%20Partie%20A.pdf"
"Agriculture_AGRI","AGRI-EQ-106 vA32-1 - Partie A à compter du 01-07-2026 PDF – 122.42 Ko","Agriculture_AGRI/AGRI-EQ-106 vA32-1 - Partie A à compter du 01-07-2026.pdf","https://www.ecologie.gouv.fr/sites/default/files/documents/AGRI-EQ-106%20vA32-1%20-%20Partie%20A%20%C3%A0%20compter%20du%2001-07-2026.pdf"
"Agriculture_AGRI","AGRI-EQ-107 vA38-1 à compter du 31-07-2021 : Isolation des parois de serre PDF – 130.41 Ko","Agriculture_AGRI/AGRI-EQ-107 vA38-1 à compter du 31-07-2021.pdf","https://www.ecologie.gouv.fr/sites/default/files/documents/AGRI-EQ-107%20vA38-1%20%C3%A0%20compter%20du%2031-07-2021.pdf"
"Agriculture_AGRI","AGRI-EQ-108 vA58-2 à compter du 01-02-2024 : Stockage d’eau pour une serre bioclimatique PDF – 122.17 Ko","Agriculture_AGRI/AGRI-EQ-108 vA58-2 à compter du 01-02-2024_0.pdf","https://www.ecologie.gouv.fr/sites/default/files/documents/AGRI-EQ-108%20vA58-2%20%C3%A0%20compter%20du%2001-02-2024_0.pdf"
"Agriculture_AGRI","AGRI-EQ-108 vA58-2 à compter du 01-02-2024 - Partie A PDF – 118.84 Ko","Agriculture_AGRI/AGRI-EQ-108 vA58-2 à compter du 01-02-2024 - Partie A.pdf","https://www.ecologie.gouv.fr/sites/default/files/documents/AGRI-EQ-108%20vA58-2%20%C3%A0%20compter%20du%2001-02-2024%20-%20Partie%20A.pdf"
"Agriculture_AGRI","AGRI-EQ-108 vA58-2 à compter du 01-02-2024 - Partie A à compter du 01-07-2026 PDF – 122.11 Ko","Agriculture_AGRI/AGRI-EQ-108 vA58-2 à compter du 01-02-2024 - Partie A à compter du 01-07-2026.pdf","https://www.ecologie.gouv.fr/sites/default/files/documents/AGRI-EQ-108%20vA58-2%20%C3%A0%20compter%20du%2001-02-2024%20-%20Partie%20A%20%C3%A0%20compter%20du%2001-07-2026.pdf"
"Agriculture_AGRI","AGRI-EQ-109 vA58-2 à compter du 01-02-2024 : Couverture performante de serre PDF – 123.29 Ko","Agriculture_AGRI/AGRI-EQ-109 vA58-2 à compter du 01-02-2024_0.pdf","https://www.ecologie.gouv.fr/sites/default/files/documents/AGRI-EQ-109%20vA58-2%20%C3%A0%20compter%20du%2001-02-2024_0.pdf"
"Agriculture_AGRI","AGRI-EQ-109 vA58-2 à compter du 01-02-2024 - Partie A PDF – 114.47 Ko","Agriculture_AGRI/AGRI-EQ-109 vA58-2 à compter du 01-02-2024 - Partie A.pdf","https://www.ecologie.gouv.fr/sites/default/files/documents/AGRI-EQ-109%20vA58-2%20%C3%A0%20compter%20du%2001-02-2024%20-%20Partie%20A.pdf"
"Agriculture_AGRI","AGRI-EQ-109 vA58-2 à compter du 01-02-2024 - Partie A à compter du 01-07-2026 PDF – 117.71 Ko","Agriculture_AGRI/AGRI-EQ-109 vA58-2 à compter du 01-02-2024 - Partie A à compter du 01-07-2026.pdf","https://www.ecologie.gouv.fr/sites/default/files/documents/AGRI-EQ-109%20vA58-2%20%C3%A0%20compter%20du%2001-02-2024%20-%20Partie%20A%20%C3%A0%20compter%20du%2001-07-2026.pdf"
"Agriculture_AGRI","AGRI-EQ-110 vA38-1 à compter du 31-07-2021 : Séchage solaire par insufflation des produits et co-produits agricoles et forestiers utilisant des panneaux solaires hybrides PDF – 129.54 Ko","Agriculture_AGRI/AGRI-EQ-110 vA38-1 à compter du 31-07-2021.pdf","https://www.ecologie.gouv.fr/sites/default/files/documents/AGRI-EQ-110%20vA38-1%20%C3%A0%20compter%20du%2031-07-2021.pdf"
"Agriculture_AGRI","AGRI-EQ-110 vA38-1 à compter du 31-07-2021 - Partie A PDF – 112.99 Ko","Agriculture_AGRI/AGRI-EQ-110 vA38-1 à compter du 31-07-2021 - Partie A.pdf","https://www.ecologie.gouv.fr/sites/default/files/documents/AGRI-EQ-110%20vA38-1%20%C3%A0%20compter%20du%2031-07-2021%20-%20Partie%20A.pdf"
"Agriculture_AGRI","AGRI-EQ-110 vA38-1 à compter du 31-07-2021 - Partie A à compter du 01-07-2026 PDF – 116.9 Ko","Agriculture_AGRI/AGRI-EQ-110 vA38-1 à compter du 31-07-2021 - Partie A à compter du 01-07-2026.pdf","https://www.ecologie.gouv.fr/sites/default/files/documents/AGRI-EQ-110%20vA38-1%20%C3%A0%20compter%20du%2031-07-2021%20-%20Partie%20A%20%C3%A0%20compter%20du%2001-07-2026.pdf"
"Agriculture_AGRI","AGRI-EQ-111 vA62-1 à compter du 31-08-2024 : Simple écran thermique PDF – 122.65 Ko","Agriculture_AGRI/AGRI-EQ-111 vA62-1 à compter du 31-08-2024_0.pdf","https://www.ecologie.gouv.fr/sites/default/files/documents/AGRI-EQ-111%20vA62-1%20%C3%A0%20compter%20du%2031-08-2024_0.pdf"
"Agriculture_AGRI","AGRI-EQ-111 vA62-1 à compter du 31-08-2024 - Partie A PDF – 111.17 Ko","Agriculture_AGRI/AGRI-EQ-111 vA62-1 à compter du 31-08-2024 - Partie A.pdf","https://www.ecologie.gouv.fr/sites/default/files/documents/AGRI-EQ-111%20vA62-1%20%C3%A0%20compter%20du%2031-08-2024%20-%20Partie%20A.pdf"
"Agriculture_AGRI","AGRI-EQ-111 vA62-1 à compter du 31-08-2024 - Partie A à compter du 01-07-2026 PDF – 106.19 Ko","Agriculture_AGRI/AGRI-EQ-111 vA62-1 à compter du 31-08-2024 - Partie A à compter du 01-07-2026.pdf","https://www.ecologie.gouv.fr/sites/default/files/documents/AGRI-EQ-111%20vA62-1%20%C3%A0%20compter%20du%2031-08-2024%20-%20Partie%20A%20%C3%A0%20compter%20du%2001-07-2026.pdf"
"Agriculture_AGRI","AGRI-EQ-112 vA73-3 à compter du 01-09-2025 : Double paroi gonflable PDF – 115.38 Ko","Agriculture_AGRI/AGRI-EQ-112 vA73-3 à compter du 01-09-2025_0.pdf","https://www.ecologie.gouv.fr/sites/default/files/documents/AGRI-EQ-112%20vA73-3%20%C3%A0%20compter%20du%2001-09-2025_0.pdf"
"Agriculture_AGRI","AGRI-EQ-112 vA73-3 à compter du 01-09-2025 - Partie A PDF – 104.91 Ko","Agriculture_AGRI/AGRI-EQ-112 vA73-3 à compter du 01-09-2025 - Partie A.pdf","https://www.ecologie.gouv.fr/sites/default/files/documents/AGRI-EQ-112%20vA73-3%20%C3%A0%20compter%20du%2001-09-2025%20-%20Partie%20A.pdf"
"Agriculture_AGRI","AGRI-EQ-112 vA73-3 à compter du 01-09-2025 - Partie A à compter du 01-07-2026 PDF – 108.26 Ko","Agriculture_AGRI/AGRI-EQ-112 vA73-3 à compter du 01-09-2025 - Partie A à compter du 01-07-2026.pdf","https://www.ecologie.gouv.fr/sites/default/files/documents/AGRI-EQ-112%20vA73-3%20%C3%A0%20compter%20du%2001-09-2025%20-%20Partie%20A%20%C3%A0%20compter%20du%2001-07-2026.pdf"
"Agriculture_AGRI","AGRI-SE-101 vA40-2 à compter du 01-04-2022 : Contrôle et préconisations de réglage du moteur d’un tracteur PDF – 115.42 Ko","Agriculture_AGRI/AGRI-SE-101 vA40-2 à compter du 01-04-2022_0.pdf","https://www.ecologie.gouv.fr/sites/default/files/documents/AGRI-SE-101%20vA40-2%20%C3%A0%20compter%20du%2001-04-2022_0.pdf"
"Agriculture_AGRI","AGRI-SE-101 vA40-2 à compter du 01-04-2022 - Partie A PDF – 107.54 Ko","Agriculture_AGRI/AGRI-SE-101 vA40-2 à compter du 01-04-2022 - Partie A.pdf","https://www.ecologie.gouv.fr/sites/default/files/documents/AGRI-SE-101%20vA40-2%20%C3%A0%20compter%20du%2001-04-2022%20-%20Partie%20A.pdf"
"Agriculture_AGRI","AGRI-SE-101 vA40-2 à compter du 01-04-2022 - Partie A à compter du 01-07-2026 PDF – 108.98 Ko","Agriculture_AGRI/AGRI-SE-101 vA40-2 à compter du 01-04-2022 - Partie A à compter du 01-07-2026.pdf","https://www.ecologie.gouv.fr/sites/default/files/documents/AGRI-SE-101%20vA40-2%20%C3%A0%20compter%20du%2001-04-2022%20-%20Partie%20A%20%C3%A0%20compter%20du%2001-07-2026.pdf"
"Agriculture_AGRI","AGRI-SE-101 vA40-2 à compter du 01-04-2022 - Annexe 2 à compter du 01-07-2025 PDF – 105.75 Ko","Agriculture_AGRI/AGRI-SE-101 vA40-2 à compter du 01-04-2022 - Annexe 2 à compter du 01-07-2025.pdf","https://www.ecologie.gouv.fr/sites/default/files/documents/AGRI-SE-101%20vA40-2%20%C3%A0%20compter%20du%2001-04-2022%20-%20Annexe%202%20%C3%A0%20compter%20du%2001-07-2025.pdf"
"Agriculture_AGRI","AGRI-SE-101 vA40-2 à compter du 01-04-2022 - Annexe 2 à compter du 01-07-2026 PDF – 109.15 Ko","Agriculture_AGRI/AGRI-SE-101 vA40-2 à compter du 01-04-2022 - Annexe 2 à compter du 01-07-2026.pdf","https://www.ecologie.gouv.fr/sites/default/files/documents/AGRI-SE-101%20vA40-2%20%C3%A0%20compter%20du%2001-04-2022%20-%20Annexe%202%20%C3%A0%20compter%20du%2001-07-2026.pdf"
"Agriculture_AGRI","AGRI-TH-101 vA62-2 à compter du 01-01-2025 : Dispositif de stockage d’eau chaude de type « Open Buffer » PDF – 124.06 Ko","Agriculture_AGRI/AGRI-TH-101 vA62-2 à compter du 01-01-2025.pdf","https://www.ecologie.gouv.fr/sites/default/files/documents/AGRI-TH-101%20vA62-2%20%C3%A0%20compter%20du%2001-01-2025.pdf"
"Agriculture_AGRI","AGRI-TH-101 vA62-2 à compter du 01-01-2025 - Partie A PDF – 116.2 Ko","Agriculture_AGRI/AGRI-TH-101 vA62-2 à compter du 01-01-2025 - Partie A.pdf","https://www.ecologie.gouv.fr/sites/default/files/documents/AGRI-TH-101%20vA62-2%20%C3%A0%20compter%20du%2001-01-2025%20-%20Partie%20A.pdf"
"Agriculture_AGRI","AGRI-TH-101 vA62-2 à compter du 01-01-2025 - Partie A à compter du 01-07-2026 PDF – 103.59 Ko","Agriculture_AGRI/AGRI-TH-101 vA62-2 à compter du 01-01-2025 - Partie A à compter du 01-07-2026.pdf","https://www.ecologie.gouv.fr/sites/default/files/documents/AGRI-TH-101%20vA62-2%20%C3%A0%20compter%20du%2001-01-2025%20-%20Partie%20A%20%C3%A0%20compter%20du%2001-07-2026.pdf"
"Agriculture_AGRI","AGRI-TH-102 vA14-1 : Dispositif de stockage d’eau chaude PDF – 104.36 Ko","Agriculture_AGRI/AGRI-TH-102 vA14-1.pdf","https://www.ecologie.gouv.fr/sites/default/files/documents/AGRI-TH-102%20vA14-1.pdf"
"Agriculture_AGRI","AGRI-TH-102 vA14-1 - Partie A à compter du 01-07-2026 PDF – 112.52 Ko","Agriculture_AGRI/AGRI-TH-102 vA14-1 - Partie A à compter du 01-07-2026.pdf","https://www.ecologie.gouv.fr/sites/default/files/documents/AGRI-TH-102%20vA14-1%20-%20Partie%20A%20%C3%A0%20compter%20du%2001-07-2026.pdf"
"Agriculture_AGRI","AGRI-TH-102 vA14-1 - Partie A PDF – 107.24 Ko","Agriculture_AGRI/AGRI-TH-102 vA14-1 - Partie A.pdf","https://www.ecologie.gouv.fr/sites/default/files/documents/AGRI-TH-102%20vA14-1%20-%20Partie%20A.pdf"
"Agriculture_AGRI","AGRI-TH-103 vA15-1 : Pré-refroidisseur de lait PDF – 111.58 Ko","Agriculture_AGRI/AGRI-TH-103 vA15-1.pdf","https://www.ecologie.gouv.fr/sites/default/files/documents/AGRI-TH-103%20vA15-1.pdf"
"Agriculture_AGRI","AGRI-TH-103 vA15-1 - Partie A PDF – 102.27 Ko","Agriculture_AGRI/AGRI-TH-103 vA15-1 - Partie A.pdf","https://www.ecologie.gouv.fr/sites/default/files/documents/AGRI-TH-103%20vA15-1%20-%20Partie%20A.pdf"
"Agriculture_AGRI","AGRI-TH-103 vA15-1 - Partie A à compter du 01-07-2026 PDF – 107.61 Ko","Agriculture_AGRI/AGRI-TH-103 vA15-1 - Partie A à compter du 01-07-2026.pdf","https://www.ecologie.gouv.fr/sites/default/files/documents/AGRI-TH-103%20vA15-1%20-%20Partie%20A%20%C3%A0%20compter%20du%2001-07-2026.pdf"
"Agriculture_AGRI","AGRI-TH-104 vA35-3 à compter du 01-10-2020 : Système de récupération de chaleur sur un groupe de production de froid hors tanks à lait PDF – 146.66 Ko","Agriculture_AGRI/AGRI-TH-104 vA35-3 à compter du 01-10-2020.pdf","https://www.ecologie.gouv.fr/sites/default/files/documents/AGRI-TH-104%20vA35-3%20%C3%A0%20compter%20du%2001-10-2020.pdf"
"Agriculture_AGRI","AGRI-TH-104 vA35-3 à compter du 01-10-2020 - Partie A PDF – 147.61 Ko","Agriculture_AGRI/AGRI-TH-104 vA35-3 à compter du 01-10-2020 - Partie A.pdf","https://www.ecologie.gouv.fr/sites/default/files/documents/AGRI-TH-104%20vA35-3%20%C3%A0%20compter%20du%2001-10-2020%20-%20Partie%20A.pdf"
"Agriculture_AGRI","AGRI-TH-104 vA35-3 à compter du 01-10-2020 - Partie A à compter du 01-07-2026 PDF – 150.97 Ko","Agriculture_AGRI/AGRI-TH-104 vA35-3 à compter du 01-10-2020 - Partie A à compter du 01-07-2026.pdf","https://www.ecologie.gouv.fr/sites/default/files/documents/AGRI-TH-104%20vA35-3%20%C3%A0%20compter%20du%2001-10-2020%20-%20Partie%20A%20%C3%A0%20compter%20du%2001-07-2026.pdf"
"Agriculture_AGRI","AGRI-TH-105 vA16-1 : Récupérateur de chaleur sur tank à lait PDF – 110.02 Ko","Agriculture_AGRI/AGRI-TH-105 vA16-1.pdf","https://www.ecologie.gouv.fr/sites/default/files/documents/AGRI-TH-105%20vA16-1.pdf"
"Agriculture_AGRI","AGRI-TH-105 vA16-1 - Partie A PDF – 103.72 Ko","Agriculture_AGRI/AGRI-TH-105 vA16-1 - Partie A.pdf","https://www.ecologie.gouv.fr/sites/default/files/documents/AGRI-TH-105%20vA16-1%20-%20Partie%20A.pdf"
"Agriculture_AGRI","AGRI-TH-105 vA16-1 - Partie A à compter du 01-07-2026 PDF – 108.36 Ko","Agriculture_AGRI/AGRI-TH-105 vA16-1 - Partie A à compter du 01-07-2026.pdf","https://www.ecologie.gouv.fr/sites/default/files/documents/AGRI-TH-105%20vA16-1%20-%20Partie%20A%20%C3%A0%20compter%20du%2001-07-2026.pdf"
"Agriculture_AGRI","AGRI-TH-108 vA35-2 à compter du 01-10-2020 : Pompe à chaleur de type air/eau ou eau/eau PDF – 132.25 Ko","Agriculture_AGRI/AGRI-TH-108 vA35-2 à compter du 01-10-2020.pdf","https://www.ecologie.gouv.fr/sites/default/files/documents/AGRI-TH-108%20vA35-2%20%C3%A0%20compter%20du%2001-10-2020.pdf"
"Agriculture_AGRI","AGRI-TH-108 vA35-2 à compter du 01-10-2020 - Partie A PDF – 116.96 Ko","Agriculture_AGRI/AGRI-TH-108 vA35-2 à compter du 01-10-2020 - Partie A.pdf","https://www.ecologie.gouv.fr/sites/default/files/documents/AGRI-TH-108%20vA35-2%20%C3%A0%20compter%20du%2001-10-2020%20-%20Partie%20A.pdf"
"Agriculture_AGRI","AGRI-TH-108 vA35-2 à compter du 01-10-2020 - Partie A à compter du 01-07-2026 PDF – 120.48 Ko","Agriculture_AGRI/AGRI-TH-108 vA35-2 à compter du 01-10-2020 - Partie A à compter du 01-07-2026.pdf","https://www.ecologie.gouv.fr/sites/default/files/documents/AGRI-TH-108%20vA35-2%20%C3%A0%20compter%20du%2001-10-2020%20-%20Partie%20A%20%C3%A0%20compter%20du%2001-07-2026.pdf"
"Agriculture_AGRI","AGRI-TH-109 vA54-2 à compter du 01-01-2024 : Récupérateur de chaleur à condensation pour serres horticoles PDF – 114.62 Ko","Agriculture_AGRI/AGRI-TH-109 vA54-2 à compter du 01-01-2024_0.pdf","https://www.ecologie.gouv.fr/sites/default/files/documents/AGRI-TH-109%20vA54-2%20%C3%A0%20compter%20du%2001-01-2024_0.pdf"
"Agriculture_AGRI","AGRI-TH-109 vA54-2 à compter du 01-01-2024 - Partie A PDF – 104.45 Ko","Agriculture_AGRI/AGRI-TH-109 vA54-2 à compter du 01-01-2024 - Partie A.pdf","https://www.ecologie.gouv.fr/sites/default/files/documents/AGRI-TH-109%20vA54-2%20%C3%A0%20compter%20du%2001-01-2024%20-%20Partie%20A.pdf"
"Agriculture_AGRI","AGRI-TH-109 vA54-2 à compter du 01-01-2024 - Partie A à compter du 01-07-2026 PDF – 107.78 Ko","Agriculture_AGRI/AGRI-TH-109 vA54-2 à compter du 01-01-2024 - Partie A à compter du 01-07-2026.pdf","https://www.ecologie.gouv.fr/sites/default/files/documents/AGRI-TH-109%20vA54-2%20%C3%A0%20compter%20du%2001-01-2024%20-%20Partie%20A%20%C3%A0%20compter%20du%2001-07-2026.pdf"
"Agriculture_AGRI","AGRI-TH-110 vA54-3 à compter du 01-01-2024 : Chaudière à haute performance énergétique pour serres horticoles PDF – 119.87 Ko","Agriculture_AGRI/AGRI-TH-110 vA54-3 à compter du 01-01-2024_0.pdf","https://www.ecologie.gouv.fr/sites/default/files/documents/AGRI-TH-110%20vA54-3%20%C3%A0%20compter%20du%2001-01-2024_0.pdf"
"Agriculture_AGRI","AGRI-TH-110 vA54-3 à compter du 01-01-2024 - Partie A PDF – 113.85 Ko","Agriculture_AGRI/AGRI-TH-110 vA54-3 à compter du 01-01-2024 - Partie A.pdf","https://www.ecologie.gouv.fr/sites/default/files/documents/AGRI-TH-110%20vA54-3%20%C3%A0%20compter%20du%2001-01-2024%20-%20Partie%20A.pdf"
"Agriculture_AGRI","AGRI-TH-110 vA54-3 à compter du 01-01-2024 - Partie A à compter du 01-07-2026 PDF – 116.54 Ko","Agriculture_AGRI/AGRI-TH-110 vA54-3 à compter du 01-01-2024 - Partie A à compter du 01-07-2026.pdf","https://www.ecologie.gouv.fr/sites/default/files/documents/AGRI-TH-110%20vA54-3%20%C3%A0%20compter%20du%2001-01-2024%20-%20Partie%20A%20%C3%A0%20compter%20du%2001-07-2026.pdf"
"Agriculture_AGRI","AGRI-TH-113 vA14-1 : Échangeur récupérateur de chaleur air/air dans un bâtiment d’élevage de volailles PDF – 116.49 Ko","Agriculture_AGRI/AGRI-TH-113 vA14-1.pdf","https://www.ecologie.gouv.fr/sites/default/files/documents/AGRI-TH-113%20vA14-1.pdf"
"Agriculture_AGRI","AGRI-TH-113 vA14-1 - Partie A PDF – 106.13 Ko","Agriculture_AGRI/AGRI-TH-113 vA14-1 - Partie A.pdf","https://www.ecologie.gouv.fr/sites/default/files/documents/AGRI-TH-113%20vA14-1%20-%20Partie%20A.pdf"
"Agriculture_AGRI","AGRI-TH-113 vA14-1 - Partie A PDF – 106.13 Ko","Agriculture_AGRI/AGRI-TH-113 vA14-1 - Partie A_0.pdf","https://www.ecologie.gouv.fr/sites/default/files/documents/AGRI-TH-113%20vA14-1%20-%20Partie%20A_0.pdf"
"Agriculture_AGRI","AGRI-TH-113 vA14-1 - Partie A à compter du 01-07-2026 PDF – 109.07 Ko","Agriculture_AGRI/AGRI-TH-113 vA14-1 - Partie A à compter du 01-07-2026.pdf","https://www.ecologie.gouv.fr/sites/default/files/documents/AGRI-TH-113%20vA14-1%20-%20Partie%20A%20%C3%A0%20compter%20du%2001-07-2026.pdf"
"Agriculture_AGRI","AGRI-TH-117 vA73-3 à compter du 01-09-2025 : Déshumidificateur thermodynamique pour serres PDF – 143.66 Ko","Agriculture_AGRI/AGRI-TH-117 vA73-3 à compter du 01-09-2025_0.pdf","https://www.ecologie.gouv.fr/sites/default/files/documents/AGRI-TH-117%20vA73-3%20%C3%A0%20compter%20du%2001-09-2025_0.pdf"
"Agriculture_AGRI","AGRI-TH-117 vA73-3 à compter du 01-09-2025 - Partie A PDF – 122.83 Ko","Agriculture_AGRI/AGRI-TH-117 vA73-3 à compter du 01-09-2025 - Partie A.pdf","https://www.ecologie.gouv.fr/sites/default/files/documents/AGRI-TH-117%20vA73-3%20%C3%A0%20compter%20du%2001-09-2025%20-%20Partie%20A.pdf"
"Agriculture_AGRI","AGRI-TH-117 vA73-3 à compter du 01-09-2025 - Partie A à compter du 01-07-2026 PDF – 126.17 Ko","Agriculture_AGRI/AGRI-TH-117 vA73-3 à compter du 01-09-2025 - Partie A à compter du 01-07-2026.pdf","https://www.ecologie.gouv.fr/sites/default/files/documents/AGRI-TH-117%20vA73-3%20%C3%A0%20compter%20du%2001-09-2025%20-%20Partie%20A%20%C3%A0%20compter%20du%2001-07-2026.pdf"
"Agriculture_AGRI","AGRI-TH-118 vA14-1 - Partie A : Double tube de chauffage pour serres PDF – 103.91 Ko","Agriculture_AGRI/AGRI-TH-118 vA14-1 - Partie A.pdf","https://www.ecologie.gouv.fr/sites/default/files/documents/AGRI-TH-118%20vA14-1%20-%20Partie%20A.pdf"
"Agriculture_AGRI","AGRI-TH-118 vA14-1 - Partie A PDF – 103.91 Ko","Agriculture_AGRI/AGRI-TH-118 vA14-1 - Partie A_0.pdf","https://www.ecologie.gouv.fr/sites/default/files/documents/AGRI-TH-118%20vA14-1%20-%20Partie%20A_0.pdf"
"Agriculture_AGRI","AGRI-TH-118 vA14-1 - Partie A à compter du 01-07-2026 PDF – 108.28 Ko","Agriculture_AGRI/AGRI-TH-118 vA14-1 - Partie A à compter du 01-07-2026.pdf","https://www.ecologie.gouv.fr/sites/default/files/documents/AGRI-TH-118%20vA14-1%20-%20Partie%20A%20%C3%A0%20compter%20du%2001-07-2026.pdf"
"Agriculture_AGRI","AGRI-TH-119 vA65-2 à compter du 01-04-2025 : Système de déshumidification avec air extérieur PDF – 121.31 Ko","Agriculture_AGRI/AGRI-TH-119 vA65-2 à compter du 01-04-2025_0.pdf","https://www.ecologie.gouv.fr/sites/default/files/documents/AGRI-TH-119%20vA65-2%20%C3%A0%20compter%20du%2001-04-2025_0.pdf"
"Agriculture_AGRI","AGRI-TH-119 vA65-2 à compter du 01-04-2025 - Partie A PDF – 115.01 Ko","Agriculture_AGRI/AGRI-TH-119 vA65-2 à compter du 01-04-2025 - Partie A.pdf","https://www.ecologie.gouv.fr/sites/default/files/documents/AGRI-TH-119%20vA65-2%20%C3%A0%20compter%20du%2001-04-2025%20-%20Partie%20A.pdf"
"Agriculture_AGRI","AGRI-TH-119 vA65-2 à compter du 01-04-2025 - Partie A à compter du 01-07-2026 PDF – 119.32 Ko","Agriculture_AGRI/AGRI-TH-119 vA65-2 à compter du 01-04-2025 - Partie A à compter du 01-07-2026.pdf","https://www.ecologie.gouv.fr/sites/default/files/documents/AGRI-TH-119%20vA65-2%20%C3%A0%20compter%20du%2001-04-2025%20-%20Partie%20A%20%C3%A0%20compter%20du%2001-07-2026.pdf"
"Agriculture_AGRI","AGRI-UT-101 vA24-2 après le 01-04-2017 : Moto-variateur synchrone à aimants permanents ou à reluctance PDF – 127.74 Ko","Agriculture_AGRI/AGRI-UT-101 vA24-2 après le 01-04-2017.pdf","https://www.ecologie.gouv.fr/sites/default/files/documents/AGRI-UT-101%20vA24-2%20apr%C3%A8s%20le%2001-04-2017.pdf"
"Agriculture_AGRI","AGRI-UT-101 vA24-2 après le 01-04-2017 - Partie A PDF – 126 Ko","Agriculture_AGRI/AGRI-UT-101 vA24-2 après le 01-04-2017 - Partie A.pdf","https://www.ecologie.gouv.fr/sites/default/files/documents/AGRI-UT-101%20vA24-2%20apr%C3%A8s%20le%2001-04-2017%20-%20Partie%20A.pdf"
"Agriculture_AGRI","AGRI-UT-101 vA24-2 après le 01-04-2017 - Partie A à compter du 01-07-2026 PDF – 131.09 Ko","Agriculture_AGRI/AGRI-UT-101 vA24-2 après le 01-04-2017 - Partie A à compter du 01-07-2026.pdf","https://www.ecologie.gouv.fr/sites/default/files/documents/AGRI-UT-101%20vA24-2%20apr%C3%A8s%20le%2001-04-2017%20-%20Partie%20A%20%C3%A0%20compter%20du%2001-07-2026.pdf"
"Agriculture_AGRI","AGRI-UT-102 vA22-2 : Système de variation électronique de vitesse sur un moteur asynchrone PDF – 120.25 Ko","Agriculture_AGRI/AGRI-UT-102 vA22-2.pdf","https://www.ecologie.gouv.fr/sites/default/files/documents/AGRI-UT-102%20vA22-2.pdf"
"Agriculture_AGRI","AGRI-UT-102 vA22-2 - Partie A PDF – 122.02 Ko","Agriculture_AGRI/AGRI-UT-102 vA22-2 - Partie A.pdf","https://www.ecologie.gouv.fr/sites/default/files/documents/AGRI-UT-102%20vA22-2%20-%20Partie%20A.pdf"
"Agriculture_AGRI","AGRI-UT-102 vA22-2 - Partie A à compter du 01-07-2026 PDF – 127.58 Ko","Agriculture_AGRI/AGRI-UT-102 vA22-2 - Partie A à compter du 01-07-2026.pdf","https://www.ecologie.gouv.fr/sites/default/files/documents/AGRI-UT-102%20vA22-2%20-%20Partie%20A%20%C3%A0%20compter%20du%2001-07-2026.pdf"
"Agriculture_AGRI","AGRI-UT-103 vA19-1 : Système de régulation sur un groupe de production de froid permettant d’avoir une basse pression flottante PDF – 107.22 Ko","Agriculture_AGRI/AGRI-UT-103 vA19-1.pdf","https://www.ecologie.gouv.fr/sites/default/files/documents/AGRI-UT-103%20vA19-1.pdf"
"Agriculture_AGRI","AGRI-UT-103 vA19-1 - Partie A PDF – 104.17 Ko","Agriculture_AGRI/AGRI-UT-103 vA19-1 - Partie A.pdf","https://www.ecologie.gouv.fr/sites/default/files/documents/AGRI-UT-103%20vA19-1%20-%20Partie%20A.pdf"
"Agriculture_AGRI","AGRI-UT-103 vA19-1 - Partie A à compter du 01-07-2026 PDF – 110.15 Ko","Agriculture_AGRI/AGRI-UT-103 vA19-1 - Partie A à compter du 01-07-2026.pdf","https://www.ecologie.gouv.fr/sites/default/files/documents/AGRI-UT-103%20vA19-1%20-%20Partie%20A%20%C3%A0%20compter%20du%2001-07-2026.pdf"
"Agriculture_AGRI","AGRI-UT-104 vA23-1 : Système de régulation sur un groupe de production de froid permettant d’avoir une haute pression flottante PDF – 147.21 Ko","Agriculture_AGRI/AGRI-UT-104 vA23-1.pdf","https://www.ecologie.gouv.fr/sites/default/files/documents/AGRI-UT-104%20vA23-1.pdf"
"Agriculture_AGRI","AGRI-UT-104 vA23-1 - Partie A PDF – 100.17 Ko","Agriculture_AGRI/AGRI-UT-104 vA23-1 - Partie A.pdf","https://www.ecologie.gouv.fr/sites/default/files/documents/AGRI-UT-104%20vA23-1%20-%20Partie%20A.pdf"
"Agriculture_AGRI","AGRI-UT-104 vA23-1 - Partie A à compter du 01-07-2026 PDF – 113.76 Ko","Agriculture_AGRI/AGRI-UT-104 vA23-1 - Partie A à compter du 01-07-2026.pdf","https://www.ecologie.gouv.fr/sites/default/files/documents/AGRI-UT-104%20vA23-1%20-%20Partie%20A%20%C3%A0%20compter%20du%2001-07-2026.pdf"
"Agriculture_AGRI","AGRI-EQ-SE V73 ZIP – 5.13 Mo","Agriculture_AGRI/AGRI-EQ-SE V73.zip","https://www.ecologie.gouv.fr/sites/default/files/documents/AGRI-EQ-SE%20V73.zip"
"Agriculture_AGRI","AGRI-TH-UT V73 ZIP – 5.82 Mo","Agriculture_AGRI/AGRI-TH-UT V73.zip","https://www.ecologie.gouv.fr/sites/default/files/documents/AGRI-TH-UT%20V73.zip"
"Residentiel_BAR","BAR-EN-101 vA64-6 à compter du 01-01-2025 : Isolation de combles ou de toitures PDF – 150.44 Ko","Residentiel_BAR/BAR-EN-101 vA64-6 à compter du 01-01-2025_1.pdf","https://www.ecologie.gouv.fr/sites/default/files/documents/BAR-EN-101%20vA64-6%20%C3%A0%20compter%20du%2001-01-2025_1.pdf"
"Residentiel_BAR","BAR-EN-101 vA64-6 à compter du 01-01-2025 - Partie A PDF – 122.63 Ko","Residentiel_BAR/BAR-EN-101 vA64-6 à compter du 01-01-2025 - Partie A.pdf","https://www.ecologie.gouv.fr/sites/default/files/documents/BAR-EN-101%20vA64-6%20%C3%A0%20compter%20du%2001-01-2025%20-%20Partie%20A.pdf"
"Residentiel_BAR","BAR-EN-101 vA64-6 à compter du 01-01-2025 - Partie A à compter du 01-07-2026 PDF – 120.04 Ko","Residentiel_BAR/BAR-EN-101 vA64-6 à compter du 01-01-2025 - Partie A à compter du 01-07-2026.pdf","https://www.ecologie.gouv.fr/sites/default/files/documents/BAR-EN-101%20vA64-6%20%C3%A0%20compter%20du%2001-01-2025%20-%20Partie%20A%20%C3%A0%20compter%20du%2001-07-2026.pdf"
"Residentiel_BAR","BAR-EN-102 vA65-4 à compter du 01-01-2025 : Isolation des murs PDF – 135.13 Ko","Residentiel_BAR/BAR-EN-102 vA65-4 à compter du 01-01-2025_1.pdf","https://www.ecologie.gouv.fr/sites/default/files/documents/BAR-EN-102%20vA65-4%20%C3%A0%20compter%20du%2001-01-2025_1.pdf"
"Residentiel_BAR","BAR-EN-102 vA65-4 à compter du 01-01-2025 - Partie A PDF – 132.53 Ko","Residentiel_BAR/BAR-EN-102 vA65-4 à compter du 01-01-2025 - Partie A.pdf","https://www.ecologie.gouv.fr/sites/default/files/documents/BAR-EN-102%20vA65-4%20%C3%A0%20compter%20du%2001-01-2025%20-%20Partie%20A.pdf"
"Residentiel_BAR","BAR-EN-102 vA65-4 à compter du 01-01-2025 - Partie A à compter du 01-07-2026 PDF – 120.6 Ko","Residentiel_BAR/BAR-EN-102 vA65-4 à compter du 01-01-2025 - Partie A à compter du 01-07-2026.pdf","https://www.ecologie.gouv.fr/sites/default/files/documents/BAR-EN-102%20vA65-4%20%C3%A0%20compter%20du%2001-01-2025%20-%20Partie%20A%20%C3%A0%20compter%20du%2001-07-2026.pdf"
"Residentiel_BAR","BAR-EN-103 vA64-6 à compter du 01-01-2025 : Isolation d’un plancher PDF – 126.73 Ko","Residentiel_BAR/BAR-EN-103 vA64-6 à compter du 01-01-2025_1.pdf","https://www.ecologie.gouv.fr/sites/default/files/documents/BAR-EN-103%20vA64-6%20%C3%A0%20compter%20du%2001-01-2025_1.pdf"
"Residentiel_BAR","BAR-EN-103 vA64-6 à compter du 01-01-2025 - Partie A PDF – 118.9 Ko","Residentiel_BAR/BAR-EN-103 vA64-6 à compter du 01-01-2025 - Partie A.pdf","https://www.ecologie.gouv.fr/sites/default/files/documents/BAR-EN-103%20vA64-6%20%C3%A0%20compter%20du%2001-01-2025%20-%20Partie%20A.pdf"
"Residentiel_BAR","BAR-EN-103 vA64-6 à compter du 01-01-2025 - Partie A à compter du 01-07-2026 PDF – 116.34 Ko","Residentiel_BAR/BAR-EN-103 vA64-6 à compter du 01-01-2025 - Partie A à compter du 01-07-2026.pdf","https://www.ecologie.gouv.fr/sites/default/files/documents/BAR-EN-103%20vA64-6%20%C3%A0%20compter%20du%2001-01-2025%20-%20Partie%20A%20%C3%A0%20compter%20du%2001-07-2026.pdf"
"Residentiel_BAR","BAR-EN-104 vA54-2 à compter du 01-01-2024 : Fenêtre ou porte-fenêtre complète avec vitrage isolant PDF – 128.18 Ko","Residentiel_BAR/BAR-EN-104 vA54-2 à compter du 01-01-2024_1.pdf","https://www.ecologie.gouv.fr/sites/default/files/documents/BAR-EN-104%20vA54-2%20%C3%A0%20compter%20du%2001-01-2024_1.pdf"
"Residentiel_BAR","BAR-EN-104 vA54-2 à compter du 01-01-2024 - Partie A PDF – 119.86 Ko","Residentiel_BAR/BAR-EN-104 vA54-2 à compter du 01-01-2024 - Partie A.pdf","https://www.ecologie.gouv.fr/sites/default/files/documents/BAR-EN-104%20vA54-2%20%C3%A0%20compter%20du%2001-01-2024%20-%20Partie%20A.pdf"
"Residentiel_BAR","BAR-EN-104 vA54-2 à compter du 01-01-2024 - Partie A à compter du 01-07-2026 PDF – 117.67 Ko","Residentiel_BAR/BAR-EN-104 vA54-2 à compter du 01-01-2024 - Partie A à compter du 01-07-2026.pdf","https://www.ecologie.gouv.fr/sites/default/files/documents/BAR-EN-104%20vA54-2%20%C3%A0%20compter%20du%2001-01-2024%20-%20Partie%20A%20%C3%A0%20compter%20du%2001-07-2026.pdf"
"Residentiel_BAR","BAR-EN-105 vA64-4 à compter du 01-01-2025 : Isolation des toitures terrasses PDF – 148.04 Ko","Residentiel_BAR/BAR-EN-105 vA64-4 à compter du 01-01-2025_2.pdf","https://www.ecologie.gouv.fr/sites/default/files/documents/BAR-EN-105%20vA64-4%20%C3%A0%20compter%20du%2001-01-2025_2.pdf"
"Residentiel_BAR","BAR-EN-105 vA64-4 à compter du 01-01-2025 - Partie A PDF – 117.28 Ko","Residentiel_BAR/BAR-EN-105 vA64-4 à compter du 01-01-2025 - Partie A.pdf","https://www.ecologie.gouv.fr/sites/default/files/documents/BAR-EN-105%20vA64-4%20%C3%A0%20compter%20du%2001-01-2025%20-%20Partie%20A.pdf"
"Residentiel_BAR","BAR-EN-105 vA64-4 à compter du 01-01-2025 - Partie A à compter du 01-07-2026 PDF – 115.5 Ko","Residentiel_BAR/BAR-EN-105 vA64-4 à compter du 01-01-2025 - Partie A à compter du 01-07-2026.pdf","https://www.ecologie.gouv.fr/sites/default/files/documents/BAR-EN-105%20vA64-4%20%C3%A0%20compter%20du%2001-01-2025%20-%20Partie%20A%20%C3%A0%20compter%20du%2001-07-2026.pdf"
"Residentiel_BAR","BAR-EN-106 vA64-5 à compter du 01-01-2025 : Isolation de combles ou de toitures (France d’outre-mer) PDF – 125.38 Ko","Residentiel_BAR/BAR-EN-106 vA64-5 à compter du 01-01-2025_1.pdf","https://www.ecologie.gouv.fr/sites/default/files/documents/BAR-EN-106%20vA64-5%20%C3%A0%20compter%20du%2001-01-2025_1.pdf"
"Residentiel_BAR","BAR-EN-106 vA64-5 à compter du 01-01-2025 - Partie A PDF – 118.63 Ko","Residentiel_BAR/BAR-EN-106 vA64-5 à compter du 01-01-2025 - Partie A.pdf","https://www.ecologie.gouv.fr/sites/default/files/documents/BAR-EN-106%20vA64-5%20%C3%A0%20compter%20du%2001-01-2025%20-%20Partie%20A.pdf"
"Residentiel_BAR","BAR-EN-106 vA64-5 à compter du 01-01-2025 - Partie A à compter du 01-07-2026 PDF – 123.63 Ko","Residentiel_BAR/BAR-EN-106 vA64-5 à compter du 01-01-2025 - Partie A à compter du 01-07-2026.pdf","https://www.ecologie.gouv.fr/sites/default/files/documents/BAR-EN-106%20vA64-5%20%C3%A0%20compter%20du%2001-01-2025%20-%20Partie%20A%20%C3%A0%20compter%20du%2001-07-2026.pdf"
"Residentiel_BAR","BAR-EN-107 vA64-4 à compter du 01-01-2025 : Isolation des murs (France d’outre-mer) PDF – 126.51 Ko","Residentiel_BAR/BAR-EN-107 vA64-4 à compter du 01-01-2025_1.pdf","https://www.ecologie.gouv.fr/sites/default/files/documents/BAR-EN-107%20vA64-4%20%C3%A0%20compter%20du%2001-01-2025_1.pdf"
"Residentiel_BAR","BAR-EN-107 vA64-4 à compter du 01-01-2025 - Partie A PDF – 119.64 Ko","Residentiel_BAR/BAR-EN-107 vA64-4 à compter du 01-01-2025 - Partie A.pdf","https://www.ecologie.gouv.fr/sites/default/files/documents/BAR-EN-107%20vA64-4%20%C3%A0%20compter%20du%2001-01-2025%20-%20Partie%20A.pdf"
"Residentiel_BAR","BAR-EN-107 vA64-4 à compter du 01-01-2025 - Partie A à compter du 01-07-2026 PDF – 117.63 Ko","Residentiel_BAR/BAR-EN-107 vA64-4 à compter du 01-01-2025 - Partie A à compter du 01-07-2026.pdf","https://www.ecologie.gouv.fr/sites/default/files/documents/BAR-EN-107%20vA64-4%20%C3%A0%20compter%20du%2001-01-2025%20-%20Partie%20A%20%C3%A0%20compter%20du%2001-07-2026.pdf"
"Residentiel_BAR","BAR-EN-108 vA54-3 à compter du 01-01-2024 : Fermeture isolante PDF – 121.83 Ko","Residentiel_BAR/BAR-EN-108 vA54-3 à compter du 01-01-2024_1.pdf","https://www.ecologie.gouv.fr/sites/default/files/documents/BAR-EN-108%20vA54-3%20%C3%A0%20compter%20du%2001-01-2024_1.pdf"
"Residentiel_BAR","BAR-EN-108 vA54-3 à compter du 01-01-2024 - Partie A PDF – 113.45 Ko","Residentiel_BAR/BAR-EN-108 vA54-3 à compter du 01-01-2024 - Partie A.pdf","https://www.ecologie.gouv.fr/sites/default/files/documents/BAR-EN-108%20vA54-3%20%C3%A0%20compter%20du%2001-01-2024%20-%20Partie%20A.pdf"
"Residentiel_BAR","BAR-EN-108 vA54-3 à compter du 01-01-2024 - Partie A à compter du 01-07-2026 PDF – 110.21 Ko","Residentiel_BAR/BAR-EN-108 vA54-3 à compter du 01-01-2024 - Partie A à compter du 01-07-2026.pdf","https://www.ecologie.gouv.fr/sites/default/files/documents/BAR-EN-108%20vA54-3%20%C3%A0%20compter%20du%2001-01-2024%20-%20Partie%20A%20%C3%A0%20compter%20du%2001-07-2026.pdf"
"Residentiel_BAR","BAR-EN-109 vA24-1 : Réduction des apports solaires par la toiture (France d'outre-mer) PDF – 135.8 Ko","Residentiel_BAR/BAR-EN-109 vA24-1.pdf","https://www.ecologie.gouv.fr/sites/default/files/documents/BAR-EN-109%20vA24-1.pdf"
"Residentiel_BAR","BAR-EN-109 vA24-1 - Partie A PDF – 122.55 Ko","Residentiel_BAR/BAR-EN-109 vA24-1 - Partie A.pdf","https://www.ecologie.gouv.fr/sites/default/files/documents/BAR-EN-109%20vA24-1%20-%20Partie%20A.pdf"
"Residentiel_BAR","BAR-EN-109 vA24-1 - Partie A à compter du 01-07-2026 PDF – 111.64 Ko","Residentiel_BAR/BAR-EN-109 vA24-1 - Partie A à compter du 01-07-2026.pdf","https://www.ecologie.gouv.fr/sites/default/files/documents/BAR-EN-109%20vA24-1%20-%20Partie%20A%20%C3%A0%20compter%20du%2001-07-2026.pdf"
"Residentiel_BAR","BAR-EN-110 vA35-1 : Fenêtre ou porte-fenêtre complète avec vitrage pariétodynamique PDF – 133.02 Ko","Residentiel_BAR/BAR-EN-110 vA35-1.pdf","https://www.ecologie.gouv.fr/sites/default/files/documents/BAR-EN-110%20vA35-1.pdf"
"Residentiel_BAR","BAR-EN-110 vA35-1 - Partie A PDF – 125.6 Ko","Residentiel_BAR/BAR-EN-110 vA35-1 - Partie A.pdf","https://www.ecologie.gouv.fr/sites/default/files/documents/BAR-EN-110%20vA35-1%20-%20Partie%20A.pdf"
"Residentiel_BAR","BAR-EN-110 vA35-1 - Partie A à compter du 01-07-2026 PDF – 119.05 Ko","Residentiel_BAR/BAR-EN-110 vA35-1 - Partie A à compter du 01-07-2026.pdf","https://www.ecologie.gouv.fr/sites/default/files/documents/BAR-EN-110%20vA35-1%20-%20Partie%20A%20%C3%A0%20compter%20du%2001-07-2026.pdf"
"Residentiel_BAR","BAR-EQ-115 vA28-1 : Dispositif d’affichage et d’interprétation des consommations d’énergie PDF – 142.04 Ko","Residentiel_BAR/BAR-EQ-115 vA28-1.pdf","https://www.ecologie.gouv.fr/sites/default/files/documents/BAR-EQ-115%20vA28-1.pdf"
"Residentiel_BAR","BAR-EQ-115 vA28-1 - Partie A PDF – 117.11 Ko","Residentiel_BAR/BAR-EQ-115 vA28-1 - Partie A.pdf","https://www.ecologie.gouv.fr/sites/default/files/documents/BAR-EQ-115%20vA28-1%20-%20Partie%20A.pdf"
"Residentiel_BAR","BAR-EQ-115 vA28-1 - Partie A à compter du 01-07-2026 PDF – 115.4 Ko","Residentiel_BAR/BAR-EQ-115 vA28-1 - Partie A à compter du 01-07-2026.pdf","https://www.ecologie.gouv.fr/sites/default/files/documents/BAR-EQ-115%20vA28-1%20-%20Partie%20A%20%C3%A0%20compter%20du%2001-07-2026.pdf"
"Residentiel_BAR","BAR-SE-104 vA19-1 : Réglage des organes d’équilibrage d’une installation de chauffage à eau chaude PDF – 109.08 Ko","Residentiel_BAR/BAR-SE-104 vA19-1.pdf","https://www.ecologie.gouv.fr/sites/default/files/documents/BAR-SE-104%20vA19-1.pdf"
"Residentiel_BAR","BAR-SE-104 vA19-1 - Partie A PDF – 91.95 Ko","Residentiel_BAR/BAR-SE-104 vA19-1 - Partie A.pdf","https://www.ecologie.gouv.fr/sites/default/files/documents/BAR-SE-104%20vA19-1%20-%20Partie%20A.pdf"
"Residentiel_BAR","BAR-SE-104 vA19-1 - Partie A à compter du 01-07-2026 PDF – 99.59 Ko","Residentiel_BAR/BAR-SE-104 vA19-1 - Partie A à compter du 01-07-2026.pdf","https://www.ecologie.gouv.fr/sites/default/files/documents/BAR-SE-104%20vA19-1%20-%20Partie%20A%20%C3%A0%20compter%20du%2001-07-2026.pdf"
"Residentiel_BAR","BAR-SE-105 vA28-1 : Contrat de Performance Energétique Services (CPE Services) PDF – 149.74 Ko","Residentiel_BAR/BAR-SE-105 vA28-1.pdf","https://www.ecologie.gouv.fr/sites/default/files/documents/BAR-SE-105%20vA28-1.pdf"
"Residentiel_BAR","BAR-SE-105 vA28-1 - Parties A et C PDF – 138.16 Ko","Residentiel_BAR/BAR-SE-105 vA28-1 - Parties A et C.pdf","https://www.ecologie.gouv.fr/sites/default/files/documents/BAR-SE-105%20vA28-1%20-%20Parties%20A%20et%20C.pdf"
"Residentiel_BAR","BAR-SE-105 vA28-1 - Partie A à compter du 01-07-2026 et Partie C PDF – 134.91 Ko","Residentiel_BAR/BAR-SE-105 vA28-1 - Partie A à compter du 01-07-2026 et Partie C.pdf","https://www.ecologie.gouv.fr/sites/default/files/documents/BAR-SE-105%20vA28-1%20-%20Partie%20A%20%C3%A0%20compter%20du%2001-07-2026%20et%20Partie%20C.pdf"
"Residentiel_BAR","BAR-SE-106 vA32-1 : Service de suivi des consommations d’énergie PDF – 126.78 Ko","Residentiel_BAR/BAR-SE-106 vA32-1.pdf","https://www.ecologie.gouv.fr/sites/default/files/documents/BAR-SE-106%20vA32-1.pdf"
"Residentiel_BAR","BAR-SE-106 vA32-1 - Partie A PDF – 119.04 Ko","Residentiel_BAR/BAR-SE-106 vA32-1 - Partie A.pdf","https://www.ecologie.gouv.fr/sites/default/files/documents/BAR-SE-106%20vA32-1%20-%20Partie%20A.pdf"
"Residentiel_BAR","BAR-SE-106 vA32-1 - Partie A à compter du 01-07-2026 PDF – 117.5 Ko","Residentiel_BAR/BAR-SE-106 vA32-1 - Partie A à compter du 01-07-2026.pdf","https://www.ecologie.gouv.fr/sites/default/files/documents/BAR-SE-106%20vA32-1%20-%20Partie%20A%20%C3%A0%20compter%20du%2001-07-2026.pdf"
"Residentiel_BAR","BAR-SE-107 vA37-1 à compter du 31-12-2020 : Abaissement de la température de retour vers un réseau de chaleur PDF – 118.45 Ko","Residentiel_BAR/BAR-SE-107 vA37-1 à compter du 31-12-2020_0.pdf","https://www.ecologie.gouv.fr/sites/default/files/documents/BAR-SE-107%20vA37-1%20%C3%A0%20compter%20du%2031-12-2020_0.pdf"
"Residentiel_BAR","BAR-SE-107 vA37-1 à compter du 31-12-2020 - Parties A et D PDF – 118.95 Ko","Residentiel_BAR/BAR-SE-107 vA37-1 à compter du 31-12-2020 - Parties A et D.pdf","https://www.ecologie.gouv.fr/sites/default/files/documents/BAR-SE-107%20vA37-1%20%C3%A0%20compter%20du%2031-12-2020%20-%20Parties%20A%20et%20D.pdf"
"Residentiel_BAR","BAR-SE-107 vA37-1 à compter du 31-12-2020 - Partie A à compter du 01-07-2026 et Partie D PDF – 111.2 Ko","Residentiel_BAR/BAR-SE-107 vA37-1 à compter du 31-12-2020 - Partie A à compter du 01-07-2026 et Partie D.pdf","https://www.ecologie.gouv.fr/sites/default/files/documents/BAR-SE-107%20vA37-1%20%C3%A0%20compter%20du%2031-12-2020%20-%20Partie%20A%20%C3%A0%20compter%20du%2001-07-2026%20et%20Partie%20D.pdf"
"Residentiel_BAR","BAR-SE-108 vA71-3 à compter du 01-08-2025 : Désembouage d’un réseau hydraulique individuel de chauffage en France métropolitaine PDF – 115.32 Ko","Residentiel_BAR/BAR-SE-108 vA71-3 à compter du 01-08-2025.pdf","https://www.ecologie.gouv.fr/sites/default/files/documents/BAR-SE-108%20vA71-3%20%C3%A0%20compter%20du%2001-08-2025.pdf"
"Residentiel_BAR","BAR-SE-108 vA71-3 à compter du 01-08-2025 - Partie A PDF – 110.68 Ko","Residentiel_BAR/BAR-SE-108 vA71-3 à compter du 01-08-2025 - Partie A.pdf","https://www.ecologie.gouv.fr/sites/default/files/documents/BAR-SE-108%20vA71-3%20%C3%A0%20compter%20du%2001-08-2025%20-%20Partie%20A.pdf"
"Residentiel_BAR","BAR-SE-108 vA71-3 à compter du 01-08-2025 - Partie A à compter du 01-07-2026 PDF – 115.28 Ko","Residentiel_BAR/BAR-SE-108 vA71-3 à compter du 01-08-2025 - Partie A à compter du 01-07-2026.pdf","https://www.ecologie.gouv.fr/sites/default/files/documents/BAR-SE-108%20vA71-3%20%C3%A0%20compter%20du%2001-08-2025%20-%20Partie%20A%20%C3%A0%20compter%20du%2001-07-2026.pdf"
"Residentiel_BAR","BAR-TH-101 vA78-3 à compter du 01-01-2026 : Chauffe-eau solaire individuel (France métropolitaine) PDF – 126.55 Ko","Residentiel_BAR/BAR-TH-101 vA78-3 à compter du 01-01-2026.pdf","https://www.ecologie.gouv.fr/sites/default/files/documents/BAR-TH-101%20vA78-3%20%C3%A0%20compter%20du%2001-01-2026.pdf"
"Residentiel_BAR","BAR-TH-101 vA78-3 à compter du 01-01-2026 - Partie A PDF – 121.44 Ko","Residentiel_BAR/BAR-TH-101 vA78-3 à compter du 01-01-2026 - Partie A.pdf","https://www.ecologie.gouv.fr/sites/default/files/documents/BAR-TH-101%20vA78-3%20%C3%A0%20compter%20du%2001-01-2026%20-%20Partie%20A.pdf"
"Residentiel_BAR","BAR-TH-101 vA78-3 à compter du 01-01-2026 - Partie A à compter du 01-07-2026 PDF – 124.64 Ko","Residentiel_BAR/BAR-TH-101 vA78-3 à compter du 01-01-2026 - Partie A à compter du 01-07-2026.pdf","https://www.ecologie.gouv.fr/sites/default/files/documents/BAR-TH-101%20vA78-3%20%C3%A0%20compter%20du%2001-01-2026%20-%20Partie%20A%20%C3%A0%20compter%20du%2001-07-2026.pdf"
"Residentiel_BAR","BAR-TH-102 vA17-1 : Chauffe-eau solaire collectif (France métropolitaine) PDF – 113 Ko","Residentiel_BAR/BAR-TH-102 vA17-1.pdf","https://www.ecologie.gouv.fr/sites/default/files/documents/BAR-TH-102%20vA17-1.pdf"
"Residentiel_BAR","BAR-TH-102 vA17-1 - Partie A PDF – 98.12 Ko","Residentiel_BAR/BAR-TH-102 vA17-1 - Partie A.pdf","https://www.ecologie.gouv.fr/sites/default/files/documents/BAR-TH-102%20vA17-1%20-%20Partie%20A.pdf"
"Residentiel_BAR","BAR-TH-102 vA17-1 - Partie A à compter du 01-07-2026 PDF – 102 Ko","Residentiel_BAR/BAR-TH-102 vA17-1 - Partie A à compter du 01-07-2026.pdf","https://www.ecologie.gouv.fr/sites/default/files/documents/BAR-TH-102%20vA17-1%20-%20Partie%20A%20%C3%A0%20compter%20du%2001-07-2026.pdf"
"Residentiel_BAR","BAR-TH-110 vA16-1 : Radiateur basse température pour un chauffage central PDF – 112.21 Ko","Residentiel_BAR/BAR-TH-110 vA16-1.pdf","https://www.ecologie.gouv.fr/sites/default/files/documents/BAR-TH-110%20vA16-1.pdf"
"Residentiel_BAR","BAR-TH-110 vA16-1 - Partie A PDF – 101.32 Ko","Residentiel_BAR/BAR-TH-110 vA16-1 - Partie A.pdf","https://www.ecologie.gouv.fr/sites/default/files/documents/BAR-TH-110%20vA16-1%20-%20Partie%20A.pdf"
"Residentiel_BAR","BAR-TH-110 vA16-1 - Partie A à compter du 01-07-2026 PDF – 106.27 Ko","Residentiel_BAR/BAR-TH-110 vA16-1 - Partie A à compter du 01-07-2026.pdf","https://www.ecologie.gouv.fr/sites/default/files/documents/BAR-TH-110%20vA16-1%20-%20Partie%20A%20%C3%A0%20compter%20du%2001-07-2026.pdf"
"Residentiel_BAR","BAR-TH-111 vA17-1 : Régulation par sonde de température extérieure PDF – 114.01 Ko","Residentiel_BAR/BAR-TH-111 vA17-1.pdf","https://www.ecologie.gouv.fr/sites/default/files/documents/BAR-TH-111%20vA17-1.pdf"
"Residentiel_BAR","BAR-TH-111 vA17-1 - Partie A PDF – 97.39 Ko","Residentiel_BAR/BAR-TH-111 vA17-1 - Partie A.pdf","https://www.ecologie.gouv.fr/sites/default/files/documents/BAR-TH-111%20vA17-1%20-%20Partie%20A.pdf"
"Residentiel_BAR","BAR-TH-111 vA17-1 - Partie A à compter du 01-07-2026 PDF – 102.61 Ko","Residentiel_BAR/BAR-TH-111 vA17-1 - Partie A à compter du 01-07-2026.pdf","https://www.ecologie.gouv.fr/sites/default/files/documents/BAR-TH-111%20vA17-1%20-%20Partie%20A%20%C3%A0%20compter%20du%2001-07-2026.pdf"
"Residentiel_BAR","BAR-TH-112 vA46-3 à compter du 01-10-2022 : Appareil indépendant de chauffage au bois PDF – 128.4 Ko","Residentiel_BAR/BAR-TH-112 vA46-3 à compter du 01-10-2022_1.pdf","https://www.ecologie.gouv.fr/sites/default/files/documents/BAR-TH-112%20vA46-3%20%C3%A0%20compter%20du%2001-10-2022_1.pdf"
"Residentiel_BAR","BAR-TH-112 vA46-3 à compter du 01-10-2022 - Partie A PDF – 118.78 Ko","Residentiel_BAR/BAR-TH-112 vA46-3 à compter du 01-10-2022 - Partie A.pdf","https://www.ecologie.gouv.fr/sites/default/files/documents/BAR-TH-112%20vA46-3%20%C3%A0%20compter%20du%2001-10-2022%20-%20Partie%20A.pdf"
"Residentiel_BAR","BAR-TH-112 vA46-3 à compter du 01-10-2022 - Partie A à compter du 01-07-2026 PDF – 115.71 Ko","Residentiel_BAR/BAR-TH-112 vA46-3 à compter du 01-10-2022 - Partie A à compter du 01-07-2026.pdf","https://www.ecologie.gouv.fr/sites/default/files/documents/BAR-TH-112%20vA46-3%20%C3%A0%20compter%20du%2001-10-2022%20-%20Partie%20A%20%C3%A0%20compter%20du%2001-07-2026.pdf"
"Residentiel_BAR","BAR-TH-113 vA79-4 à compter du 01-01-2026 : Chaudière biomasse individuelle PDF – 133.58 Ko","Residentiel_BAR/BAR-TH-113 vA79-4 à compter du 01-01-2026_1.pdf","https://www.ecologie.gouv.fr/sites/default/files/documents/BAR-TH-113%20vA79-4%20%C3%A0%20compter%20du%2001-01-2026_1.pdf"
"Residentiel_BAR","BAR-TH-113 vA79-4 à compter du 01-01-2026 - Partie A PDF – 122.81 Ko","Residentiel_BAR/BAR-TH-113 vA79-4 à compter du 01-01-2026 - Partie A.pdf","https://www.ecologie.gouv.fr/sites/default/files/documents/BAR-TH-113%20vA79-4%20%C3%A0%20compter%20du%2001-01-2026%20-%20Partie%20A.pdf"
"Residentiel_BAR","BAR-TH-113 vA79-4 à compter du 01-01-2026 - Partie A à compter du 01-07-2026 PDF – 126.34 Ko","Residentiel_BAR/BAR-TH-113 vA79-4 à compter du 01-01-2026 - Partie A à compter du 01-07-2026.pdf","https://www.ecologie.gouv.fr/sites/default/files/documents/BAR-TH-113%20vA79-4%20%C3%A0%20compter%20du%2001-01-2026%20-%20Partie%20A%20%C3%A0%20compter%20du%2001-07-2026.pdf"
"Residentiel_BAR","BAR-TH-116 vA17-1 : Plancher chauffant hydraulique à basse température PDF – 119.2 Ko","Residentiel_BAR/BAR-TH-116 vA17-1.pdf","https://www.ecologie.gouv.fr/sites/default/files/documents/BAR-TH-116%20vA17-1.pdf"
"Residentiel_BAR","BAR-TH-116 vA17-1 - Partie A PDF – 107.96 Ko","Residentiel_BAR/BAR-TH-116 vA17-1 - Partie A.pdf","https://www.ecologie.gouv.fr/sites/default/files/documents/BAR-TH-116%20vA17-1%20-%20Partie%20A.pdf"
"Residentiel_BAR","BAR-TH-116 vA17-1 - Partie A à compter du 01-07-2026 PDF – 111.92 Ko","Residentiel_BAR/BAR-TH-116 vA17-1 - Partie A à compter du 01-07-2026.pdf","https://www.ecologie.gouv.fr/sites/default/files/documents/BAR-TH-116%20vA17-1%20-%20Partie%20A%20%C3%A0%20compter%20du%2001-07-2026.pdf"
"Residentiel_BAR","BAR-TH-117 vA14-1 : Robinet thermostatique PDF – 113.66 Ko","Residentiel_BAR/BAR-TH-117 vA14-1.pdf","https://www.ecologie.gouv.fr/sites/default/files/documents/BAR-TH-117%20vA14-1.pdf"
"Residentiel_BAR","BAR-TH-117 vA14-1 - Partie A PDF – 104.12 Ko","Residentiel_BAR/BAR-TH-117 vA14-1 - Partie A.pdf","https://www.ecologie.gouv.fr/sites/default/files/documents/BAR-TH-117%20vA14-1%20-%20Partie%20A.pdf"
"Residentiel_BAR","BAR-TH-117 vA14-1 - Partie A à compter du 01-07-2026 PDF – 109.34 Ko","Residentiel_BAR/BAR-TH-117 vA14-1 - Partie A à compter du 01-07-2026.pdf","https://www.ecologie.gouv.fr/sites/default/files/documents/BAR-TH-117%20vA14-1%20-%20Partie%20A%20%C3%A0%20compter%20du%2001-07-2026.pdf"
"Residentiel_BAR","BAR-TH-122 vA15-1 : Récupérateur de chaleur à condensation PDF – 121.65 Ko","Residentiel_BAR/BAR-TH-122 vA15-1.pdf","https://www.ecologie.gouv.fr/sites/default/files/documents/BAR-TH-122%20vA15-1.pdf"
"Residentiel_BAR","BAR-TH-122 vA15-1 - Partie A PDF – 107.37 Ko","Residentiel_BAR/BAR-TH-122 vA15-1 - Partie A.pdf","https://www.ecologie.gouv.fr/sites/default/files/documents/BAR-TH-122%20vA15-1%20-%20Partie%20A.pdf"
"Residentiel_BAR","BAR-TH-122 vA15-1 - Partie A à compter du 01-07-2026 PDF – 112.17 Ko","Residentiel_BAR/BAR-TH-122 vA15-1 - Partie A à compter du 01-07-2026.pdf","https://www.ecologie.gouv.fr/sites/default/files/documents/BAR-TH-122%20vA15-1%20-%20Partie%20A%20%C3%A0%20compter%20du%2001-07-2026.pdf"
"Residentiel_BAR","BAR-TH-123 vA54-2 à compter du 01-01-2024 : Optimiseur de relance en chauffage collectif PDF – 113.1 Ko","Residentiel_BAR/BAR-TH-123 vA54-2 à compter du 01-01-2024_1.pdf","https://www.ecologie.gouv.fr/sites/default/files/documents/BAR-TH-123%20vA54-2%20%C3%A0%20compter%20du%2001-01-2024_1.pdf"
"Residentiel_BAR","BAR-TH-123 vA54-2 à compter du 01-01-2024 - Partie A PDF – 103.35 Ko","Residentiel_BAR/BAR-TH-123 vA54-2 à compter du 01-01-2024 - Partie A.pdf","https://www.ecologie.gouv.fr/sites/default/files/documents/BAR-TH-123%20vA54-2%20%C3%A0%20compter%20du%2001-01-2024%20-%20Partie%20A.pdf"
"Residentiel_BAR","BAR-TH-123 vA54-2 à compter du 01-01-2024 - Partie A à compter du 01-07-2026 PDF – 106.98 Ko","Residentiel_BAR/BAR-TH-123 vA54-2 à compter du 01-01-2024 - Partie A à compter du 01-07-2026.pdf","https://www.ecologie.gouv.fr/sites/default/files/documents/BAR-TH-123%20vA54-2%20%C3%A0%20compter%20du%2001-01-2024%20-%20Partie%20A%20%C3%A0%20compter%20du%2001-07-2026.pdf"
"Residentiel_BAR","BAR-TH-124 vA78-4 à compter du 01-01-2026 : Chauffe-eau solaire individuel (France d'outre mer) PDF – 133.47 Ko","Residentiel_BAR/BAR-TH-124 vA78-4 à compter du 01-01-2026.pdf","https://www.ecologie.gouv.fr/sites/default/files/documents/BAR-TH-124%20vA78-4%20%C3%A0%20compter%20du%2001-01-2026.pdf"
"Residentiel_BAR","BAR-TH-124 vA78-4 à compter du 01-01-2026 - Partie A PDF – 115.03 Ko","Residentiel_BAR/BAR-TH-124 vA78-4 à compter du 01-01-2026 - Partie A.pdf","https://www.ecologie.gouv.fr/sites/default/files/documents/BAR-TH-124%20vA78-4%20%C3%A0%20compter%20du%2001-01-2026%20-%20Partie%20A.pdf"
"Residentiel_BAR","BAR-TH-124 vA78-4 à compter du 01-01-2026 - Partie A à compter du 01-07-2026 PDF – 118.64 Ko","Residentiel_BAR/BAR-TH-124 vA78-4 à compter du 01-01-2026 - Partie A à compter du 01-07-2026.pdf","https://www.ecologie.gouv.fr/sites/default/files/documents/BAR-TH-124%20vA78-4%20%C3%A0%20compter%20du%2001-01-2026%20-%20Partie%20A%20%C3%A0%20compter%20du%2001-07-2026.pdf"
"Residentiel_BAR","BAR-TH-125 vA54-5 à compter du 01-01-2024 : Système de ventilation double flux autoréglable ou modulé à haute performance (France métropolitaine) PDF – 146.04 Ko","Residentiel_BAR/BAR-TH-125 vA54-5 à compter du 01-01-2024_1.pdf","https://www.ecologie.gouv.fr/sites/default/files/documents/BAR-TH-125%20vA54-5%20%C3%A0%20compter%20du%2001-01-2024_1.pdf"
"Residentiel_BAR","BAR-TH-125 vA54-5 à compter du 01-01-2024 - Partie A PDF – 120.12 Ko","Residentiel_BAR/BAR-TH-125 vA54-5 à compter du 01-01-2024 - Partie A.pdf","https://www.ecologie.gouv.fr/sites/default/files/documents/BAR-TH-125%20vA54-5%20%C3%A0%20compter%20du%2001-01-2024%20-%20Partie%20A.pdf"
"Residentiel_BAR","BAR-TH-125 vA54-5 à compter du 01-01-2024 - Partie A à compter du 01-07-2026 PDF – 124.47 Ko","Residentiel_BAR/BAR-TH-125 vA54-5 à compter du 01-01-2024 - Partie A à compter du 01-07-2026.pdf","https://www.ecologie.gouv.fr/sites/default/files/documents/BAR-TH-125%20vA54-5%20%C3%A0%20compter%20du%2001-01-2024%20-%20Partie%20A%20%C3%A0%20compter%20du%2001-07-2026.pdf"
"Residentiel_BAR","BAR-TH-127 vA58-6 à compter du 01-01-2024 : Ventilation mécanique simple flux hygroréglable (France métropolitaine) PDF – 148.34 Ko","Residentiel_BAR/BAR-TH-127 vA58-6 à compter du 01-01-2024.pdf","https://www.ecologie.gouv.fr/sites/default/files/documents/BAR-TH-127%20vA58-6%20%C3%A0%20compter%20du%2001-01-2024.pdf"
"Residentiel_BAR","BAR-TH-127 vA58-6 à compter du 01-01-2024 - Partie A PDF – 121.91 Ko","Residentiel_BAR/BAR-TH-127 vA58-6 à compter du 01-01-2024 - Partie A.pdf","https://www.ecologie.gouv.fr/sites/default/files/documents/BAR-TH-127%20vA58-6%20%C3%A0%20compter%20du%2001-01-2024%20-%20Partie%20A.pdf"
"Residentiel_BAR","BAR-TH-127 vA58-6 à compter du 01-01-2024 - Partie A à compter du 01-07-2026 PDF – 125.95 Ko","Residentiel_BAR/BAR-TH-127 vA58-6 à compter du 01-01-2024 - Partie A à compter du 01-07-2026.pdf","https://www.ecologie.gouv.fr/sites/default/files/documents/BAR-TH-127%20vA58-6%20%C3%A0%20compter%20du%2001-01-2024%20-%20Partie%20A%20%C3%A0%20compter%20du%2001-07-2026.pdf"
"Residentiel_BAR","BAR-TH-129 vA27-3 à compter du 01-04-2018 : Pompe à chaleur de type air/air PDF – 128.69 Ko","Residentiel_BAR/BAR-TH-129 vA27-3 à compter du 01-04-2018.pdf","https://www.ecologie.gouv.fr/sites/default/files/documents/BAR-TH-129%20vA27-3%20%C3%A0%20compter%20du%2001-04-2018.pdf"
"Residentiel_BAR","BAR-TH-129 vA27-3 à compter du 01-04-2018 - Partie A PDF – 108.37 Ko","Residentiel_BAR/BAR-TH-129 vA27-3 à compter du 01-04-2018 - Partie A.pdf","https://www.ecologie.gouv.fr/sites/default/files/documents/BAR-TH-129%20vA27-3%20%C3%A0%20compter%20du%2001-04-2018%20-%20Partie%20A.pdf"
"Residentiel_BAR","BAR-TH-129 vA27-3 à compter du 01-04-2018 - Partie A à compter du 01-07-2026 PDF – 113.12 Ko","Residentiel_BAR/BAR-TH-129 vA27-3 à compter du 01-04-2018 - Partie A à compter du 01-07-2026.pdf","https://www.ecologie.gouv.fr/sites/default/files/documents/BAR-TH-129%20vA27-3%20%C3%A0%20compter%20du%2001-04-2018%20-%20Partie%20A%20%C3%A0%20compter%20du%2001-07-2026.pdf"
"Residentiel_BAR","BAR-TH-130 vA58-3 à compter du 01-04-2024 : Surperformance énergétique pour un bâtiment neuf (France métropolitaine) PDF – 165.74 Ko","Residentiel_BAR/BAR-TH-130 vA58-3 à compter du 01-04-2024_0.pdf","https://www.ecologie.gouv.fr/sites/default/files/documents/BAR-TH-130%20vA58-3%20%C3%A0%20compter%20du%2001-04-2024_0.pdf"
"Residentiel_BAR","BAR-TH-130 vA58-3 à compter du 01-04-2024 - Partie A PDF – 119.55 Ko","Residentiel_BAR/BAR-TH-130 vA58-3 à compter du 01-04-2024 - Partie A.pdf","https://www.ecologie.gouv.fr/sites/default/files/documents/BAR-TH-130%20vA58-3%20%C3%A0%20compter%20du%2001-04-2024%20-%20Partie%20A.pdf"
"Residentiel_BAR","BAR-TH-130 vA58-3 à compter du 01-04-2024 - Partie A à compter du 01-07-2026 PDF – 124.54 Ko","Residentiel_BAR/BAR-TH-130 vA58-3 à compter du 01-04-2024 - Partie A à compter du 01-07-2026.pdf","https://www.ecologie.gouv.fr/sites/default/files/documents/BAR-TH-130%20vA58-3%20%C3%A0%20compter%20du%2001-04-2024%20-%20Partie%20A%20%C3%A0%20compter%20du%2001-07-2026.pdf"
"Residentiel_BAR","BAR-TH-135 v A35-2 à compter du 01-10-2020 : Chauffe-eau solaire collectif (France d'outre mer) PDF – 145.85 Ko","Residentiel_BAR/BAR-TH-135 v A35-2 à compter du 01-10-2020_0.pdf","https://www.ecologie.gouv.fr/sites/default/files/documents/BAR-TH-135%20v%20A35-2%20%C3%A0%20compter%20du%2001-10-2020_0.pdf"
"Residentiel_BAR","BAR-TH-135 v A35-2 à compter du 01-10-2020 - Partie A PDF – 124.37 Ko","Residentiel_BAR/BAR-TH-135 v A35-2 à compter du 01-10-2020 - Partie A.pdf","https://www.ecologie.gouv.fr/sites/default/files/documents/BAR-TH-135%20v%20A35-2%20%C3%A0%20compter%20du%2001-10-2020%20-%20Partie%20A.pdf"
"Residentiel_BAR","BAR-TH-135 v A35-2 à compter du 01-10-2020 - Partie A à compter du 01-07-2026 PDF – 128.07 Ko","Residentiel_BAR/BAR-TH-135 v A35-2 à compter du 01-10-2020 - Partie A à compter du 01-07-2026.pdf","https://www.ecologie.gouv.fr/sites/default/files/documents/BAR-TH-135%20v%20A35-2%20%C3%A0%20compter%20du%2001-10-2020%20-%20Partie%20A%20%C3%A0%20compter%20du%2001-07-2026.pdf"
"Residentiel_BAR","BAR-TH-137 vA79-4 à compter du 01-01-2026 : Raccordement d'un bâtiment résidentiel à un réseau de chaleur PDF – 120.85 Ko","Residentiel_BAR/BAR-TH-137 vA79-4 à compter du 01-01-2026_2.pdf","https://www.ecologie.gouv.fr/sites/default/files/documents/BAR-TH-137%20vA79-4%20%C3%A0%20compter%20du%2001-01-2026_2.pdf"
"Residentiel_BAR","BAR-TH-137 vA79-4 à compter du 01-01-2026 - Parties A, B, C et D PDF – 163.07 Ko","Residentiel_BAR/BAR-TH-137 vA79-4 à compter du 01-01-2026 - Parties A, B, C et D.pdf","https://www.ecologie.gouv.fr/sites/default/files/documents/BAR-TH-137%20vA79-4%20%C3%A0%20compter%20du%2001-01-2026%20-%20Parties%20A%2C%20B%2C%20C%20et%20D.pdf"
"Residentiel_BAR","BAR-TH-137 vA79-4 à compter du 01-01-2026 - Partie A à compter du 01-07-2026 - Parties B, C et D PDF – 167.15 Ko","Residentiel_BAR/BAR-TH-137 vA79-4 à compter du 01-01-2026 - Partie A à compter du 01-07-2026 - Parties B, C et D.pdf","https://www.ecologie.gouv.fr/sites/default/files/documents/BAR-TH-137%20vA79-4%20%C3%A0%20compter%20du%2001-01-2026%20-%20Partie%20A%20%C3%A0%20compter%20du%2001-07-2026%20-%20Parties%20B%2C%20C%20et%20D.pdf"
"Residentiel_BAR","BAR-TH-137 vA79-4 à compter du 01-01-2026 - Annexe 2 PDF – 140.32 Ko","Residentiel_BAR/BAR-TH-137 vA79-4 à compter du 01-01-2026 - Annexe 2.pdf","https://www.ecologie.gouv.fr/sites/default/files/documents/BAR-TH-137%20vA79-4%20%C3%A0%20compter%20du%2001-01-2026%20-%20Annexe%202.pdf"
"Residentiel_BAR","BAR-TH-137 vA79-4 à compter du 01-01-2026 - Annexe 2 à compter du 01-07-2026 PDF – 136.43 Ko","Residentiel_BAR/BAR-TH-137 vA79-4 à compter du 01-01-2026 - Annexe 2 à compter du 01-07-2026.pdf","https://www.ecologie.gouv.fr/sites/default/files/documents/BAR-TH-137%20vA79-4%20%C3%A0%20compter%20du%2001-01-2026%20-%20Annexe%202%20%C3%A0%20compter%20du%2001-07-2026.pdf"
"Residentiel_BAR","BAR-TH-139 v A23-2 après 01-02-2017 : Système de variation électronique de vitesse sur une pompe PDF – 139.24 Ko","Residentiel_BAR/BAR-TH-139 v A23-2 après 01-02-2017_0.pdf","https://www.ecologie.gouv.fr/sites/default/files/documents/BAR-TH-139%20v%20A23-2%20apr%C3%A8s%2001-02-2017_0.pdf"
"Residentiel_BAR","BAR-TH-139 v A23-2 après 01-02-2017 - Partie A PDF – 142.53 Ko","Residentiel_BAR/BAR-TH-139 v A23-2 après 01-02-2017 - Partie A.pdf","https://www.ecologie.gouv.fr/sites/default/files/documents/BAR-TH-139%20v%20A23-2%20apr%C3%A8s%2001-02-2017%20-%20Partie%20A.pdf"
"Residentiel_BAR","BAR-TH-139 v A23-2 après 01-02-2017 - Partie A à compter du 01-07-2026 PDF – 128.57 Ko","Residentiel_BAR/BAR-TH-139 v A23-2 après 01-02-2017 - Partie A à compter du 01-07-2026.pdf","https://www.ecologie.gouv.fr/sites/default/files/documents/BAR-TH-139%20v%20A23-2%20apr%C3%A8s%2001-02-2017%20-%20Partie%20A%20%C3%A0%20compter%20du%2001-07-2026.pdf"
"Residentiel_BAR","BAR-TH-141 vA71-2 à compter du 01-08-2025 : Climatiseur performant (France d'outre-mer) PDF – 115.47 Ko","Residentiel_BAR/BAR-TH-141 vA71-2 à compter du 01-08-2025.pdf","https://www.ecologie.gouv.fr/sites/default/files/documents/BAR-TH-141%20vA71-2%20%C3%A0%20compter%20du%2001-08-2025.pdf"
"Residentiel_BAR","BAR-TH-141 vA71-2 à compter du 01-08-2025 - Partie A PDF – 103.61 Ko","Residentiel_BAR/BAR-TH-141 vA71-2 à compter du 01-08-2025 - Partie A.pdf","https://www.ecologie.gouv.fr/sites/default/files/documents/BAR-TH-141%20vA71-2%20%C3%A0%20compter%20du%2001-08-2025%20-%20Partie%20A.pdf"
"Residentiel_BAR","BAR-TH-141 vA71-2 à compter du 01-08-2025 - Partie A à compter du 01-07-2026 PDF – 108.87 Ko","Residentiel_BAR/BAR-TH-141 vA71-2 à compter du 01-08-2025 - Partie A à compter du 01-07-2026.pdf","https://www.ecologie.gouv.fr/sites/default/files/documents/BAR-TH-141%20vA71-2%20%C3%A0%20compter%20du%2001-08-2025%20-%20Partie%20A%20%C3%A0%20compter%20du%2001-07-2026.pdf"
"Residentiel_BAR","BAR-TH-143 vA79-6 à compter du 01-01-2026 : Système solaire combiné (France métropolitaine) PDF – 126.74 Ko","Residentiel_BAR/BAR-TH-143 vA79-6 à compter du 01-01-2026_1.pdf","https://www.ecologie.gouv.fr/sites/default/files/documents/BAR-TH-143%20vA79-6%20%C3%A0%20compter%20du%2001-01-2026_1.pdf"
"Residentiel_BAR","BAR-TH-143 vA79-6 à compter du 01-01-2026 - Partie A PDF – 121.37 Ko","Residentiel_BAR/BAR-TH-143 vA79-6 à compter du 01-01-2026 - Partie A.pdf","https://www.ecologie.gouv.fr/sites/default/files/documents/BAR-TH-143%20vA79-6%20%C3%A0%20compter%20du%2001-01-2026%20-%20Partie%20A.pdf"
"Residentiel_BAR","BAR-TH-143 vA79-6 à compter du 01-01-2026 - Partie A à compter du 01-07-2026 PDF – 126.04 Ko","Residentiel_BAR/BAR-TH-143 vA79-6 à compter du 01-01-2026 - Partie A à compter du 01-07-2026.pdf","https://www.ecologie.gouv.fr/sites/default/files/documents/BAR-TH-143%20vA79-6%20%C3%A0%20compter%20du%2001-01-2026%20-%20Partie%20A%20%C3%A0%20compter%20du%2001-07-2026.pdf"
"Residentiel_BAR","BAR-TH-148 vA78-4 à compter du 01-01-2026 : Chauffe-eau thermodynamique à accumulation PDF – 115.76 Ko","Residentiel_BAR/BAR-TH-148 vA78-4 à compter du 01-01-2026.pdf","https://www.ecologie.gouv.fr/sites/default/files/documents/BAR-TH-148%20vA78-4%20%C3%A0%20compter%20du%2001-01-2026.pdf"
"Residentiel_BAR","BAR-TH-148 vA78-4 à compter du 01-01-2026 - Partie A PDF – 101.65 Ko","Residentiel_BAR/BAR-TH-148 vA78-4 à compter du 01-01-2026 - Partie A.pdf","https://www.ecologie.gouv.fr/sites/default/files/documents/BAR-TH-148%20vA78-4%20%C3%A0%20compter%20du%2001-01-2026%20-%20Partie%20A.pdf"
"Residentiel_BAR","BAR-TH-148 vA78-4 à compter du 01-01-2026 - Partie A à compter du 01-07-2026 PDF – 115.21 Ko","Residentiel_BAR/BAR-TH-148 vA78-4 à compter du 01-01-2026 - Partie A à compter du 01-07-2026.pdf","https://www.ecologie.gouv.fr/sites/default/files/documents/BAR-TH-148%20vA78-4%20%C3%A0%20compter%20du%2001-01-2026%20-%20Partie%20A%20%C3%A0%20compter%20du%2001-07-2026.pdf"
"Residentiel_BAR","BAR-TH-155 vA40-4 à compter du 01-04-2022 : Ventilation hybride hygroréglable (France métropolitaine) PDF – 131.38 Ko","Residentiel_BAR/BAR-TH-155 vA40-4 à compter du 01-04-2022_0.pdf","https://www.ecologie.gouv.fr/sites/default/files/documents/BAR-TH-155%20vA40-4%20%C3%A0%20compter%20du%2001-04-2022_0.pdf"
"Residentiel_BAR","BAR-TH-155 vA40-4 à compter du 01-04-2022 - Partie A PDF – 118.69 Ko","Residentiel_BAR/BAR-TH-155 vA40-4 à compter du 01-04-2022 - Partie A.pdf","https://www.ecologie.gouv.fr/sites/default/files/documents/BAR-TH-155%20vA40-4%20%C3%A0%20compter%20du%2001-04-2022%20-%20Partie%20A.pdf"
"Residentiel_BAR","BAR-TH-155 vA40-4 à compter du 01-04-2022 - Partie A à compter du 01-07-2026 PDF – 122.87 Ko","Residentiel_BAR/BAR-TH-155 vA40-4 à compter du 01-04-2022 - Partie A à compter du 01-07-2026.pdf","https://www.ecologie.gouv.fr/sites/default/files/documents/BAR-TH-155%20vA40-4%20%C3%A0%20compter%20du%2001-04-2022%20-%20Partie%20A%20%C3%A0%20compter%20du%2001-07-2026.pdf"
"Residentiel_BAR","BAR-TH-158 vA73-3 à compter du 01-11-2025 : Émetteur électrique à régulation électronique à fonctions avancées PDF – 129.81 Ko","Residentiel_BAR/BAR-TH-158 vA73-3 à compter du 01-11-2025_0.pdf","https://www.ecologie.gouv.fr/sites/default/files/documents/BAR-TH-158%20vA73-3%20%C3%A0%20compter%20du%2001-11-2025_0.pdf"
"Residentiel_BAR","BAR-TH-158 vA73-3 à compter du 01-11-2025 - Partie A PDF – 122.46 Ko","Residentiel_BAR/BAR-TH-158 vA73-3 à compter du 01-11-2025 - Partie A.pdf","https://www.ecologie.gouv.fr/sites/default/files/documents/BAR-TH-158%20vA73-3%20%C3%A0%20compter%20du%2001-11-2025%20-%20Partie%20A.pdf"
"Residentiel_BAR","BAR-TH-158 vA73-3 à compter du 01-11-2025 - Partie A à compter du 01-07-2026 PDF – 126.27 Ko","Residentiel_BAR/BAR-TH-158 vA73-3 à compter du 01-11-2025 - Partie A à compter du 01-07-2026.pdf","https://www.ecologie.gouv.fr/sites/default/files/documents/BAR-TH-158%20vA73-3%20%C3%A0%20compter%20du%2001-11-2025%20-%20Partie%20A%20%C3%A0%20compter%20du%2001-07-2026.pdf"
"Residentiel_BAR","BAR-TH-159 vA50-4 à compter du 01-04-2023 : Pompe à chaleur hybride individuelle PDF – 156.91 Ko","Residentiel_BAR/BAR-TH-159 vA50-4 à compter du 01-04-2023_0.pdf","https://www.ecologie.gouv.fr/sites/default/files/documents/BAR-TH-159%20vA50-4%20%C3%A0%20compter%20du%2001-04-2023_0.pdf"
"Residentiel_BAR","BAR-TH-159 vA50-4 à compter du 01-04-2023 - Partie A PDF – 119.88 Ko","Residentiel_BAR/BAR-TH-159 vA50-4 à compter du 01-04-2023 - Partie A.pdf","https://www.ecologie.gouv.fr/sites/default/files/documents/BAR-TH-159%20vA50-4%20%C3%A0%20compter%20du%2001-04-2023%20-%20Partie%20A.pdf"
"Residentiel_BAR","BAR-TH-159 vA50-4 à compter du 01-04-2023 - Partie A à compter du 01-07-2026 PDF – 124.03 Ko","Residentiel_BAR/BAR-TH-159 vA50-4 à compter du 01-04-2023 - Partie A à compter du 01-07-2026.pdf","https://www.ecologie.gouv.fr/sites/default/files/documents/BAR-TH-159%20vA50-4%20%C3%A0%20compter%20du%2001-04-2023%20-%20Partie%20A%20%C3%A0%20compter%20du%2001-07-2026.pdf"
"Residentiel_BAR","BAR-TH-161 vA71-3 à compter du 01-08-2025 : Isolation de points singuliers d’un réseau PDF – 134.27 Ko","Residentiel_BAR/BAR-TH-161 vA71-3 à compter du 01-08-2025.pdf","https://www.ecologie.gouv.fr/sites/default/files/documents/BAR-TH-161%20vA71-3%20%C3%A0%20compter%20du%2001-08-2025.pdf"
"Residentiel_BAR","BAR-TH-161 vA71-3 à compter du 01-08-2025 - Partie A PDF – 111.26 Ko","Residentiel_BAR/BAR-TH-161 vA71-3 à compter du 01-08-2025 - Partie A.pdf","https://www.ecologie.gouv.fr/sites/default/files/documents/BAR-TH-161%20vA71-3%20%C3%A0%20compter%20du%2001-08-2025%20-%20Partie%20A.pdf"
"Residentiel_BAR","BAR-TH-161 vA71-3 à compter du 01-08-2025 - Partie A à compter du 01-07-2026 PDF – 116 Ko","Residentiel_BAR/BAR-TH-161 vA71-3 à compter du 01-08-2025 - Partie A à compter du 01-07-2026.pdf","https://www.ecologie.gouv.fr/sites/default/files/documents/BAR-TH-161%20vA71-3%20%C3%A0%20compter%20du%2001-08-2025%20-%20Partie%20A%20%C3%A0%20compter%20du%2001-07-2026.pdf"
"Residentiel_BAR","BAR-TH-162 vA28-1 : Système énergétique comportant des capteurs solaires photovoltaïques et thermiques à circulation d’eau (France métropolitaine) PDF – 123.58 Ko","Residentiel_BAR/BAR-TH-162 vA28-1.pdf","https://www.ecologie.gouv.fr/sites/default/files/documents/BAR-TH-162%20vA28-1.pdf"
"Residentiel_BAR","BAR-TH-162 vA28-1 - Partie A PDF – 121.88 Ko","Residentiel_BAR/BAR-TH-162 vA28-1 - Partie A.pdf","https://www.ecologie.gouv.fr/sites/default/files/documents/BAR-TH-162%20vA28-1%20-%20Partie%20A.pdf"
"Residentiel_BAR","BAR-TH-162 vA28-1 - Partie A à compter du 01-07-2026 PDF – 126.95 Ko","Residentiel_BAR/BAR-TH-162 vA28-1 - Partie A à compter du 01-07-2026.pdf","https://www.ecologie.gouv.fr/sites/default/files/documents/BAR-TH-162%20vA28-1%20-%20Partie%20A%20%C3%A0%20compter%20du%2001-07-2026.pdf"
"Residentiel_BAR","BAR-TH-165 vA34-1 : Chaudière biomasse collective PDF – 134.71 Ko","Residentiel_BAR/BAR-TH-165 vA34-1.pdf","https://www.ecologie.gouv.fr/sites/default/files/documents/BAR-TH-165%20vA34-1.pdf"
"Residentiel_BAR","BAR-TH-165 vA34-1 - Partie A PDF – 118.24 Ko","Residentiel_BAR/BAR-TH-165 vA34-1 - Partie A.pdf","https://www.ecologie.gouv.fr/sites/default/files/documents/BAR-TH-165%20vA34-1%20-%20Partie%20A.pdf"
"Residentiel_BAR","BAR-TH-165 vA34-1 - Partie A à compter du 01-07-2026 PDF – 122.96 Ko","Residentiel_BAR/BAR-TH-165 vA34-1 - Partie A à compter du 01-07-2026.pdf","https://www.ecologie.gouv.fr/sites/default/files/documents/BAR-TH-165%20vA34-1%20-%20Partie%20A%20%C3%A0%20compter%20du%2001-07-2026.pdf"
"Residentiel_BAR","BAR-TH-168 vA78-3 à compter du 01-01-2026 : Dispositif solaire thermique (France métropolitaine) PDF – 160.76 Ko","Residentiel_BAR/BAR-TH-168 vA78-3 à compter du 01-01-2026.pdf","https://www.ecologie.gouv.fr/sites/default/files/documents/BAR-TH-168%20vA78-3%20%C3%A0%20compter%20du%2001-01-2026.pdf"
"Residentiel_BAR","BAR-TH-168 vA78-3 à compter du 01-01-2026 - Partie A PDF – 146.44 Ko","Residentiel_BAR/BAR-TH-168 vA78-3 à compter du 01-01-2026 - Partie A.pdf","https://www.ecologie.gouv.fr/sites/default/files/documents/BAR-TH-168%20vA78-3%20%C3%A0%20compter%20du%2001-01-2026%20-%20Partie%20A.pdf"
"Residentiel_BAR","BAR-TH-168 vA78-3 à compter du 01-01-2026 - Partie A à compter du 01-07-2026 PDF – 150.03 Ko","Residentiel_BAR/BAR-TH-168 vA78-3 à compter du 01-01-2026 - Partie A à compter du 01-07-2026.pdf","https://www.ecologie.gouv.fr/sites/default/files/documents/BAR-TH-168%20vA78-3%20%C3%A0%20compter%20du%2001-01-2026%20-%20Partie%20A%20%C3%A0%20compter%20du%2001-07-2026.pdf"
"Residentiel_BAR","BAR-TH-169 vA65-2 à compter du 01-04-2025 : Pompe à chaleur collective de type air/eau ou eau/eau pour l’eau chaude sanitaire PDF – 131.8 Ko","Residentiel_BAR/BAR-TH-169 vA65-2 à compter du 01-04-2025_1.pdf","https://www.ecologie.gouv.fr/sites/default/files/documents/BAR-TH-169%20vA65-2%20%C3%A0%20compter%20du%2001-04-2025_1.pdf"
"Residentiel_BAR","BAR-TH-169 vA65-2 à compter du 01-04-2025 - Partie A PDF – 112.94 Ko","Residentiel_BAR/BAR-TH-169 vA65-2 à compter du 01-04-2025 - Partie A.pdf","https://www.ecologie.gouv.fr/sites/default/files/documents/BAR-TH-169%20vA65-2%20%C3%A0%20compter%20du%2001-04-2025%20-%20Partie%20A.pdf"
"Residentiel_BAR","BAR-TH-169 vA65-2 à compter du 01-04-2025 - Partie A à compter du 01-07-2026 PDF – 116.51 Ko","Residentiel_BAR/BAR-TH-169 vA65-2 à compter du 01-04-2025 - Partie A à compter du 01-07-2026.pdf","https://www.ecologie.gouv.fr/sites/default/files/documents/BAR-TH-169%20vA65-2%20%C3%A0%20compter%20du%2001-04-2025%20-%20Partie%20A%20%C3%A0%20compter%20du%2001-07-2026.pdf"
"Residentiel_BAR","BAR-TH-170 vA54-1 à compter du 01-10-2023 : Récupération de chaleur fatale issue de serveurs informatiques pour l’eau chaude sanitaire collective PDF – 109.98 Ko","Residentiel_BAR/BAR-TH-170 vA54-1 à compter du 01-10-2023_1.pdf","https://www.ecologie.gouv.fr/sites/default/files/documents/BAR-TH-170%20vA54-1%20%C3%A0%20compter%20du%2001-10-2023_1.pdf"
"Residentiel_BAR","BAR-TH-170 vA54-1 à compter du 01-10-2023 - Parties A et D PDF – 97.65 Ko","Residentiel_BAR/BAR-TH-170 vA54-1 à compter du 01-10-2023 - Parties A et D.pdf","https://www.ecologie.gouv.fr/sites/default/files/documents/BAR-TH-170%20vA54-1%20%C3%A0%20compter%20du%2001-10-2023%20-%20Parties%20A%20et%20D.pdf"
"Residentiel_BAR","BAR-TH-170 vA54-1 à compter du 01-10-2023 - Partie A à compter du 01-07-2026 - Partie D PDF – 101.55 Ko","Residentiel_BAR/BAR-TH-170 vA54-1 à compter du 01-10-2023 - Partie A à compter du 01-07-2026 - Partie D.pdf","https://www.ecologie.gouv.fr/sites/default/files/documents/BAR-TH-170%20vA54-1%20%C3%A0%20compter%20du%2001-10-2023%20-%20Partie%20A%20%C3%A0%20compter%20du%2001-07-2026%20-%20Partie%20D.pdf"
"Residentiel_BAR","BAR-TH-171 vA78-4 à compter du 01-01-2026 : Pompe à chaleur de type air/eau PDF – 133.79 Ko","Residentiel_BAR/BAR-TH-171 vA78-4 à compter du 01-01-2026.pdf","https://www.ecologie.gouv.fr/sites/default/files/documents/BAR-TH-171%20vA78-4%20%C3%A0%20compter%20du%2001-01-2026.pdf"
"Residentiel_BAR","BAR-TH-171 vA78-4 à compter du 01-01-2026 - Partie A PDF – 114.27 Ko","Residentiel_BAR/BAR-TH-171 vA78-4 à compter du 01-01-2026 - Partie A.pdf","https://www.ecologie.gouv.fr/sites/default/files/documents/BAR-TH-171%20vA78-4%20%C3%A0%20compter%20du%2001-01-2026%20-%20Partie%20A.pdf"
"Residentiel_BAR","BAR-TH-171 vA78-4 à compter du 01-01-2026 - Partie A à compter du 01-07-2026 PDF – 117.83 Ko","Residentiel_BAR/BAR-TH-171 vA78-4 à compter du 01-01-2026 - Partie A à compter du 01-07-2026.pdf","https://www.ecologie.gouv.fr/sites/default/files/documents/BAR-TH-171%20vA78-4%20%C3%A0%20compter%20du%2001-01-2026%20-%20Partie%20A%20%C3%A0%20compter%20du%2001-07-2026.pdf"
"Residentiel_BAR","BAR-TH-172 vA78-4 à compter du 01-01-2026 : Pompe à chaleur de type eau/eau ou sol/eau PDF – 132.28 Ko","Residentiel_BAR/BAR-TH-172 vA78-4 à compter du 01-01-2026.pdf","https://www.ecologie.gouv.fr/sites/default/files/documents/BAR-TH-172%20vA78-4%20%C3%A0%20compter%20du%2001-01-2026.pdf"
"Residentiel_BAR","BAR-TH-172 vA78-4 à compter du 01-01-2026 - Partie A PDF – 116.13 Ko","Residentiel_BAR/BAR-TH-172 vA78-4 à compter du 01-01-2026 - Partie A.pdf","https://www.ecologie.gouv.fr/sites/default/files/documents/BAR-TH-172%20vA78-4%20%C3%A0%20compter%20du%2001-01-2026%20-%20Partie%20A.pdf"
"Residentiel_BAR","BAR-TH-172 vA78-4 à compter du 01-01-2026 - Partie A à compter du 01-07-2026 PDF – 119.7 Ko","Residentiel_BAR/BAR-TH-172 vA78-4 à compter du 01-01-2026 - Partie A à compter du 01-07-2026.pdf","https://www.ecologie.gouv.fr/sites/default/files/documents/BAR-TH-172%20vA78-4%20%C3%A0%20compter%20du%2001-01-2026%20-%20Partie%20A%20%C3%A0%20compter%20du%2001-07-2026.pdf"
"Residentiel_BAR","BAR-TH-173 vA69-2 à compter du 01-07-2025 : Système de régulation par programmation horaire pièce par pièce PDF – 154.48 Ko","Residentiel_BAR/BAR-TH-173 vA69-2 à compter du 01-07-2025.pdf","https://www.ecologie.gouv.fr/sites/default/files/documents/BAR-TH-173%20vA69-2%20%C3%A0%20compter%20du%2001-07-2025.pdf"
"Residentiel_BAR","BAR-TH-173 vA69-2 à compter du 01-07-2025 - Partie A PDF – 126.75 Ko","Residentiel_BAR/BAR-TH-173 vA69-2 à compter du 01-07-2025 - Partie A.pdf","https://www.ecologie.gouv.fr/sites/default/files/documents/BAR-TH-173%20vA69-2%20%C3%A0%20compter%20du%2001-07-2025%20-%20Partie%20A.pdf"
"Residentiel_BAR","BAR-TH-173 vA69-2 à compter du 01-07-2025 - Partie A à compter du 01-07-2026 PDF – 129.34 Ko","Residentiel_BAR/BAR-TH-173 vA69-2 à compter du 01-07-2025 - Partie A à compter du 01-07-2026.pdf","https://www.ecologie.gouv.fr/sites/default/files/documents/BAR-TH-173%20vA69-2%20%C3%A0%20compter%20du%2001-07-2025%20-%20Partie%20A%20%C3%A0%20compter%20du%2001-07-2026.pdf"
"Residentiel_BAR","BAR-TH-174 vA80-3 à compter du 17-01-2026 : Rénovation d’ampleur d’une maison individuelle (France métropolitaine) PDF – 204.43 Ko","Residentiel_BAR/BAR-TH-174 vA80-3 à compter du 17-01-2026_0.pdf","https://www.ecologie.gouv.fr/sites/default/files/documents/BAR-TH-174%20vA80-3%20%C3%A0%20compter%20du%2017-01-2026_0.pdf"
"Residentiel_BAR","BAR-TH-174 vA80-3 à compter du 17-01-2026 - Partie A PDF – 122.19 Ko","Residentiel_BAR/BAR-TH-174 vA80-3 à compter du 17-01-2026 - Partie A.pdf","https://www.ecologie.gouv.fr/sites/default/files/documents/BAR-TH-174%20vA80-3%20%C3%A0%20compter%20du%2017-01-2026%20-%20Partie%20A.pdf"
"Residentiel_BAR","BAR-TH-174 vA80-3 à compter du 17-01-2026 - Partie A à compter du 01-07-2026 PDF – 124.58 Ko","Residentiel_BAR/BAR-TH-174 vA80-3 à compter du 17-01-2026 - Partie A à compter du 01-07-2026.pdf","https://www.ecologie.gouv.fr/sites/default/files/documents/BAR-TH-174%20vA80-3%20%C3%A0%20compter%20du%2017-01-2026%20-%20Partie%20A%20%C3%A0%20compter%20du%2001-07-2026.pdf"
"Residentiel_BAR","BAR-TH-175 vA80-3 à compter du 17-01-2026 : Rénovation d’ampleur d’un appartement (France métropolitaine) PDF – 197.32 Ko","Residentiel_BAR/BAR-TH-175 vA80-3 à compter du 17-01-2026_0.pdf","https://www.ecologie.gouv.fr/sites/default/files/documents/BAR-TH-175%20vA80-3%20%C3%A0%20compter%20du%2017-01-2026_0.pdf"
"Residentiel_BAR","BAR-TH-175 vA80-3 à compter du 17-01-2026 - Partie A PDF – 122.17 Ko","Residentiel_BAR/BAR-TH-175 vA80-3 à compter du 17-01-2026 - Partie A.pdf","https://www.ecologie.gouv.fr/sites/default/files/documents/BAR-TH-175%20vA80-3%20%C3%A0%20compter%20du%2017-01-2026%20-%20Partie%20A.pdf"
"Residentiel_BAR","BAR-TH-175 vA80-3 à compter du 17-01-2026 - Partie A à compter du 01-07-2026 PDF – 124.61 Ko","Residentiel_BAR/BAR-TH-175 vA80-3 à compter du 17-01-2026 - Partie A à compter du 01-07-2026.pdf","https://www.ecologie.gouv.fr/sites/default/files/documents/BAR-TH-175%20vA80-3%20%C3%A0%20compter%20du%2017-01-2026%20-%20Partie%20A%20%C3%A0%20compter%20du%2001-07-2026.pdf"
"Residentiel_BAR","BAR-TH-176 vA58-1 à compter du 29-12-2023 : Système de régulation de la consommation d’un chauffe-eau électrique à effet Joule PDF – 170.76 Ko","Residentiel_BAR/BAR-TH-176 vA58-1 à compter du 29-12-2023_0.pdf","https://www.ecologie.gouv.fr/sites/default/files/documents/BAR-TH-176%20vA58-1%20%C3%A0%20compter%20du%2029-12-2023_0.pdf"
"Residentiel_BAR","BAR-TH-176 vA58-1 à compter du 29-12-2023 - Partie A PDF – 96.18 Ko","Residentiel_BAR/BAR-TH-176 vA58-1 à compter du 29-12-2023 - Partie A.pdf","https://www.ecologie.gouv.fr/sites/default/files/documents/BAR-TH-176%20vA58-1%20%C3%A0%20compter%20du%2029-12-2023%20-%20Partie%20A.pdf"
"Residentiel_BAR","BAR-TH-176 vA58-1 à compter du 29-12-2023 - Partie A à compter du 01-07-2026 PDF – 100.53 Ko","Residentiel_BAR/BAR-TH-176 vA58-1 à compter du 29-12-2023 - Partie A à compter du 01-07-2026.pdf","https://www.ecologie.gouv.fr/sites/default/files/documents/BAR-TH-176%20vA58-1%20%C3%A0%20compter%20du%2029-12-2023%20-%20Partie%20A%20%C3%A0%20compter%20du%2001-07-2026.pdf"
"Residentiel_BAR","BAR-TH-177 vA80-2 à compter du 17-01-2026 : Rénovation globale d’un bâtiment résidentiel collectif (France métropolitaine) PDF – 185.37 Ko","Residentiel_BAR/BAR-TH-177 vA80-2 à compter du 17-01-2026_0.pdf","https://www.ecologie.gouv.fr/sites/default/files/documents/BAR-TH-177%20vA80-2%20%C3%A0%20compter%20du%2017-01-2026_0.pdf"
"Residentiel_BAR","BAR-TH-177 vA80-2 à compter du 17-01-2026 - Partie A PDF – 115.8 Ko","Residentiel_BAR/BAR-TH-177 vA80-2 à compter du 17-01-2026 - Partie A.pdf","https://www.ecologie.gouv.fr/sites/default/files/documents/BAR-TH-177%20vA80-2%20%C3%A0%20compter%20du%2017-01-2026%20-%20Partie%20A.pdf"
"Residentiel_BAR","BAR-TH-177 vA80-2 à compter du 17-01-2026 - Partie A à compter du 01-07-2026 PDF – 119.18 Ko","Residentiel_BAR/BAR-TH-177 vA80-2 à compter du 17-01-2026 - Partie A à compter du 01-07-2026.pdf","https://www.ecologie.gouv.fr/sites/default/files/documents/BAR-TH-177%20vA80-2%20%C3%A0%20compter%20du%2017-01-2026%20-%20Partie%20A%20%C3%A0%20compter%20du%2001-07-2026.pdf"
"Residentiel_BAR","BAR-TH-178 vA81-2 à compter du 30-04-2026 : Système géothermique PDF – 170.16 Ko","Residentiel_BAR/BAR-TH-178 vA81-2 à compter du 30-04-2026.pdf","https://www.ecologie.gouv.fr/sites/default/files/documents/BAR-TH-178%20vA81-2%20%C3%A0%20compter%20du%2030-04-2026.pdf"
"Residentiel_BAR","BAR-TH-178 vA81-2 à compter du 30-04-2026 - Partie A PDF – 128.33 Ko","Residentiel_BAR/BAR-TH-178 vA81-2 à compter du 30-04-2026 - Partie A.pdf","https://www.ecologie.gouv.fr/sites/default/files/documents/BAR-TH-178%20vA81-2%20%C3%A0%20compter%20du%2030-04-2026%20-%20Partie%20A.pdf"
"Residentiel_BAR","BAR-TH-178 vA81-2 à compter du 30-04-2026 - Partie A à compter du 01-07-2026 PDF – 130.38 Ko","Residentiel_BAR/BAR-TH-178 vA81-2 à compter du 30-04-2026 - Partie A à compter du 01-07-2026.pdf","https://www.ecologie.gouv.fr/sites/default/files/documents/BAR-TH-178%20vA81-2%20%C3%A0%20compter%20du%2030-04-2026%20-%20Partie%20A%20%C3%A0%20compter%20du%2001-07-2026.pdf"
"Residentiel_BAR","BAR-TH-179 vA81-2 à compter du 30-04-2026 : Pompe à chaleur collective de type air/eau PDF – 140.74 Ko","Residentiel_BAR/BAR-TH-179 vA81-2 à compter du 30-04-2026.pdf","https://www.ecologie.gouv.fr/sites/default/files/documents/BAR-TH-179%20vA81-2%20%C3%A0%20compter%20du%2030-04-2026.pdf"
"Residentiel_BAR","BAR-TH-179 vA81-2 à compter du 30-04-2026 - Partie A PDF – 112.04 Ko","Residentiel_BAR/BAR-TH-179 vA81-2 à compter du 30-04-2026 - Partie A.pdf","https://www.ecologie.gouv.fr/sites/default/files/documents/BAR-TH-179%20vA81-2%20%C3%A0%20compter%20du%2030-04-2026%20-%20Partie%20A.pdf"
"Residentiel_BAR","BAR-TH-179 vA81-2 à compter du 30-04-2026 - Partie A à compter du 01-07-2026 PDF – 115.24 Ko","Residentiel_BAR/BAR-TH-179 vA81-2 à compter du 30-04-2026 - Partie A à compter du 01-07-2026.pdf","https://www.ecologie.gouv.fr/sites/default/files/documents/BAR-TH-179%20vA81-2%20%C3%A0%20compter%20du%2030-04-2026%20-%20Partie%20A%20%C3%A0%20compter%20du%2001-07-2026.pdf"
"Residentiel_BAR","BAR-TH-180 vA81-2 à compter du 30-04-2026 : Pompe à chaleur collective de type eau/eau ou eau glycolée/eau PDF – 145.2 Ko","Residentiel_BAR/BAR-TH-180 vA81-2 à compter du 30-04-2026.pdf","https://www.ecologie.gouv.fr/sites/default/files/documents/BAR-TH-180%20vA81-2%20%C3%A0%20compter%20du%2030-04-2026.pdf"
"Residentiel_BAR","BAR-TH-180 vA81-2 à compter du 30-04-2026 - Partie A PDF – 114.07 Ko","Residentiel_BAR/BAR-TH-180 vA81-2 à compter du 30-04-2026 - Partie A.pdf","https://www.ecologie.gouv.fr/sites/default/files/documents/BAR-TH-180%20vA81-2%20%C3%A0%20compter%20du%2030-04-2026%20-%20Partie%20A.pdf"
"Residentiel_BAR","BAR-TH-180 vA81-2 à compter du 30-04-2026 - Partie A à compter du 01-07-2026 PDF – 118.13 Ko","Residentiel_BAR/BAR-TH-180 vA81-2 à compter du 30-04-2026 - Partie A à compter du 01-07-2026.pdf","https://www.ecologie.gouv.fr/sites/default/files/documents/BAR-TH-180%20vA81-2%20%C3%A0%20compter%20du%2030-04-2026%20-%20Partie%20A%20%C3%A0%20compter%20du%2001-07-2026.pdf"
"Tertiaire_BAT","BAT-EN-101 vA64-4 à compter du 01-01-2025 : Isolation de combles ou de toitures PDF – 125.45 Ko","Tertiaire_BAT/BAT-EN-101 vA64-4 à compter du 01-01-2025_2.pdf","https://www.ecologie.gouv.fr/sites/default/files/documents/BAT-EN-101%20vA64-4%20%C3%A0%20compter%20du%2001-01-2025_2.pdf"
"Tertiaire_BAT","BAT-EN-101 vA64-4 à compter du 01-01-2025 - Partie A PDF – 112.33 Ko","Tertiaire_BAT/BAT-EN-101 vA64-4 à compter du 01-01-2025 - Partie A.pdf","https://www.ecologie.gouv.fr/sites/default/files/documents/BAT-EN-101%20vA64-4%20%C3%A0%20compter%20du%2001-01-2025%20-%20Partie%20A.pdf"
"Tertiaire_BAT","BAT-EN-101 vA64-4 à compter du 01-01-2025 - Partie A à compter du 01-07-2026 PDF – 110.64 Ko","Tertiaire_BAT/BAT-EN-101 vA64-4 à compter du 01-01-2025 - Partie A à compter du 01-07-2026.pdf","https://www.ecologie.gouv.fr/sites/default/files/documents/BAT-EN-101%20vA64-4%20%C3%A0%20compter%20du%2001-01-2025%20-%20Partie%20A%20%C3%A0%20compter%20du%2001-07-2026.pdf"
"Tertiaire_BAT","BAT-EN-102 vA64-3 à compter du 01-01-2025 : Isolation des murs PDF – 124 Ko","Tertiaire_BAT/BAT-EN-102 vA64-3 à compter du 01-01-2025_2.pdf","https://www.ecologie.gouv.fr/sites/default/files/documents/BAT-EN-102%20vA64-3%20%C3%A0%20compter%20du%2001-01-2025_2.pdf"
"Tertiaire_BAT","BAT-EN-102 vA64-3 à compter du 01-01-2025 - Partie A PDF – 112.58 Ko","Tertiaire_BAT/BAT-EN-102 vA64-3 à compter du 01-01-2025 - Partie A.pdf","https://www.ecologie.gouv.fr/sites/default/files/documents/BAT-EN-102%20vA64-3%20%C3%A0%20compter%20du%2001-01-2025%20-%20Partie%20A.pdf"
"Tertiaire_BAT","BAT-EN-102 vA64-3 à compter du 01-01-2025 - Partie A à compter du 01-07-2026 PDF – 110.26 Ko","Tertiaire_BAT/BAT-EN-102 vA64-3 à compter du 01-01-2025 - Partie A à compter du 01-07-2026.pdf","https://www.ecologie.gouv.fr/sites/default/files/documents/BAT-EN-102%20vA64-3%20%C3%A0%20compter%20du%2001-01-2025%20-%20Partie%20A%20%C3%A0%20compter%20du%2001-07-2026.pdf"
"Tertiaire_BAT","BAT-EN-103 vA64-4 à compter du 01-01-2025 : Isolation d’un plancher PDF – 125.58 Ko","Tertiaire_BAT/BAT-EN-103 vA64-4 à compter du 01-01-2025_2.pdf","https://www.ecologie.gouv.fr/sites/default/files/documents/BAT-EN-103%20vA64-4%20%C3%A0%20compter%20du%2001-01-2025_2.pdf"
"Tertiaire_BAT","BAT-EN-103 vA64-4 à compter du 01-01-2025 - Partie A PDF – 112.81 Ko","Tertiaire_BAT/BAT-EN-103 vA64-4 à compter du 01-01-2025 - Partie A.pdf","https://www.ecologie.gouv.fr/sites/default/files/documents/BAT-EN-103%20vA64-4%20%C3%A0%20compter%20du%2001-01-2025%20-%20Partie%20A.pdf"
"Tertiaire_BAT","BAT-EN-103 vA64-4 à compter du 01-01-2025 - Partie A à compter du 01-07-2026 PDF – 118.02 Ko","Tertiaire_BAT/BAT-EN-103 vA64-4 à compter du 01-01-2025 - Partie A à compter du 01-07-2026.pdf","https://www.ecologie.gouv.fr/sites/default/files/documents/BAT-EN-103%20vA64-4%20%C3%A0%20compter%20du%2001-01-2025%20-%20Partie%20A%20%C3%A0%20compter%20du%2001-07-2026.pdf"
"Tertiaire_BAT","BAT-EN-104 vA54-3 à compter du 01-01-2024 : Fenêtre ou porte-fenêtre complète avec vitrage isolant PDF – 128.16 Ko","Tertiaire_BAT/BAT-EN-104 vA54-3 à compter du 01-01-2024_2.pdf","https://www.ecologie.gouv.fr/sites/default/files/documents/BAT-EN-104%20vA54-3%20%C3%A0%20compter%20du%2001-01-2024_2.pdf"
"Tertiaire_BAT","BAT-EN-104 vA54-3 à compter du 01-01-2024 - Partie A PDF – 112.97 Ko","Tertiaire_BAT/BAT-EN-104 vA54-3 à compter du 01-01-2024 - Partie A.pdf","https://www.ecologie.gouv.fr/sites/default/files/documents/BAT-EN-104%20vA54-3%20%C3%A0%20compter%20du%2001-01-2024%20-%20Partie%20A.pdf"
"Tertiaire_BAT","BAT-EN-104 vA54-3 à compter du 01-01-2024 - Partie A à compter du 01-07-2026 PDF – 110.47 Ko","Tertiaire_BAT/BAT-EN-104 vA54-3 à compter du 01-01-2024 - Partie A à compter du 01-07-2026.pdf","https://www.ecologie.gouv.fr/sites/default/files/documents/BAT-EN-104%20vA54-3%20%C3%A0%20compter%20du%2001-01-2024%20-%20Partie%20A%20%C3%A0%20compter%20du%2001-07-2026.pdf"
"Tertiaire_BAT","BAT-EN-106 vA64-3 à compter du 01-01-2025 : Isolation de combles ou de toitures (France d’outre-mer) PDF – 124.38 Ko","Tertiaire_BAT/BAT-EN-106 vA64-3 à compter du 01-01-2025_1.pdf","https://www.ecologie.gouv.fr/sites/default/files/documents/BAT-EN-106%20vA64-3%20%C3%A0%20compter%20du%2001-01-2025_1.pdf"
"Tertiaire_BAT","BAT-EN-106 vA64-3 à compter du 01-01-2025 - Partie A PDF – 112.14 Ko","Tertiaire_BAT/BAT-EN-106 vA64-3 à compter du 01-01-2025 - Partie A.pdf","https://www.ecologie.gouv.fr/sites/default/files/documents/BAT-EN-106%20vA64-3%20%C3%A0%20compter%20du%2001-01-2025%20-%20Partie%20A.pdf"
"Tertiaire_BAT","BAT-EN-106 vA64-3 à compter du 01-01-2025 - Partie A à compter du 01-07-2026 PDF – 108.36 Ko","Tertiaire_BAT/BAT-EN-106 vA64-3 à compter du 01-01-2025 - Partie A à compter du 01-07-2026.pdf","https://www.ecologie.gouv.fr/sites/default/files/documents/BAT-EN-106%20vA64-3%20%C3%A0%20compter%20du%2001-01-2025%20-%20Partie%20A%20%C3%A0%20compter%20du%2001-07-2026.pdf"
"Tertiaire_BAT","BAT-EN-107 vA64-3 à compter du 01-01-2025 : Isolation des toitures terrasses PDF – 124.12 Ko","Tertiaire_BAT/BAT-EN-107 vA64-3 à compter du 01-01-2025_1.pdf","https://www.ecologie.gouv.fr/sites/default/files/documents/BAT-EN-107%20vA64-3%20%C3%A0%20compter%20du%2001-01-2025_1.pdf"
"Tertiaire_BAT","BAT-EN-107 vA64-3 à compter du 01-01-2025 - Partie A PDF – 112.66 Ko","Tertiaire_BAT/BAT-EN-107 vA64-3 à compter du 01-01-2025 - Partie A.pdf","https://www.ecologie.gouv.fr/sites/default/files/documents/BAT-EN-107%20vA64-3%20%C3%A0%20compter%20du%2001-01-2025%20-%20Partie%20A.pdf"
"Tertiaire_BAT","BAT-EN-107 vA64-3 à compter du 01-01-2025 - Partie A à compter du 01-07-2026 PDF – 110.3 Ko","Tertiaire_BAT/BAT-EN-107 vA64-3 à compter du 01-01-2025 - Partie A à compter du 01-07-2026.pdf","https://www.ecologie.gouv.fr/sites/default/files/documents/BAT-EN-107%20vA64-3%20%C3%A0%20compter%20du%2001-01-2025%20-%20Partie%20A%20%C3%A0%20compter%20du%2001-07-2026.pdf"
"Tertiaire_BAT","BAT-EN-108 vA19-1 : Isolation des murs (France d’outre-mer) PDF – 114.19 Ko","Tertiaire_BAT/BAT-EN-108 vA19-1.pdf","https://www.ecologie.gouv.fr/sites/default/files/documents/BAT-EN-108%20vA19-1.pdf"
"Tertiaire_BAT","BAT-EN-108 vA19-1 - Partie A PDF – 102.09 Ko","Tertiaire_BAT/BAT-EN-108 vA19-1 - Partie A.pdf","https://www.ecologie.gouv.fr/sites/default/files/documents/BAT-EN-108%20vA19-1%20-%20Partie%20A.pdf"
"Tertiaire_BAT","BAT-EN-108 vA19-1 - Partie A à compter du 01-07-2026 PDF – 105.57 Ko","Tertiaire_BAT/BAT-EN-108 vA19-1 - Partie A à compter du 01-07-2026.pdf","https://www.ecologie.gouv.fr/sites/default/files/documents/BAT-EN-108%20vA19-1%20-%20Partie%20A%20%C3%A0%20compter%20du%2001-07-2026.pdf"
"Tertiaire_BAT","BAT-EN-109 vA24-1 : Réduction des apports solaires par la toiture (France d'outre mer) PDF – 134.35 Ko","Tertiaire_BAT/BAT-EN-109 vA24-1.pdf","https://www.ecologie.gouv.fr/sites/default/files/documents/BAT-EN-109%20vA24-1.pdf"
"Tertiaire_BAT","BAT-EN-109 vA24-1 - Partie A PDF – 116.7 Ko","Tertiaire_BAT/BAT-EN-109 vA24-1 - Partie A.pdf","https://www.ecologie.gouv.fr/sites/default/files/documents/BAT-EN-109%20vA24-1%20-%20Partie%20A.pdf"
"Tertiaire_BAT","BAT-EN-109 vA24-1 - Partie A à compter du 01-07-2026 PDF – 105.05 Ko","Tertiaire_BAT/BAT-EN-109 vA24-1 - Partie A à compter du 01-07-2026.pdf","https://www.ecologie.gouv.fr/sites/default/files/documents/BAT-EN-109%20vA24-1%20-%20Partie%20A%20%C3%A0%20compter%20du%2001-07-2026.pdf"
"Tertiaire_BAT","BAT-EN-110 vA25-1 : Protections des baies contre le rayonnement solaire (France d’outre-mer) PDF – 131.46 Ko","Tertiaire_BAT/BAT-EN-110 vA25-1.pdf","https://www.ecologie.gouv.fr/sites/default/files/documents/BAT-EN-110%20vA25-1.pdf"
"Tertiaire_BAT","BAT-EN-110 vA25-1 - Partie A PDF – 124.27 Ko","Tertiaire_BAT/BAT-EN-110 vA25-1 - Partie A.pdf","https://www.ecologie.gouv.fr/sites/default/files/documents/BAT-EN-110%20vA25-1%20-%20Partie%20A.pdf"
"Tertiaire_BAT","BAT-EN-110 vA25-1 - Partie A à compter du 01-07-2026 PDF – 114.72 Ko","Tertiaire_BAT/BAT-EN-110 vA25-1 - Partie A à compter du 01-07-2026.pdf","https://www.ecologie.gouv.fr/sites/default/files/documents/BAT-EN-110%20vA25-1%20-%20Partie%20A%20%C3%A0%20compter%20du%2001-07-2026.pdf"
"Tertiaire_BAT","BAT-EN-111 vA38-1 à compter du 31-07-2021 : Fenêtre ou porte-fenêtre complète avec vitrage pariétodynamique (France métropolitaine) PDF – 136.78 Ko","Tertiaire_BAT/BAT-EN-111 vA38-1 à compter du 31-07-2021.pdf","https://www.ecologie.gouv.fr/sites/default/files/documents/BAT-EN-111%20vA38-1%20%C3%A0%20compter%20du%2031-07-2021.pdf"
"Tertiaire_BAT","BAT-EN-111 vA38-1 à compter du 31-07-2021 - Partie A PDF – 114.01 Ko","Tertiaire_BAT/BAT-EN-111 vA38-1 à compter du 31-07-2021 - Partie A.pdf","https://www.ecologie.gouv.fr/sites/default/files/documents/BAT-EN-111%20vA38-1%20%C3%A0%20compter%20du%2031-07-2021%20-%20Partie%20A.pdf"
"Tertiaire_BAT","BAT-EN-111 vA38-1 à compter du 31-07-2021 - Partie A à compter du 01-07-2026 PDF – 107.83 Ko","Tertiaire_BAT/BAT-EN-111 vA38-1 à compter du 31-07-2021 - Partie A à compter du 01-07-2026.pdf","https://www.ecologie.gouv.fr/sites/default/files/documents/BAT-EN-111%20vA38-1%20%C3%A0%20compter%20du%2031-07-2021%20-%20Partie%20A%20%C3%A0%20compter%20du%2001-07-2026.pdf"
"Tertiaire_BAT","BAT-EN-112 vA38-1 à compter du 31-07-2021 : Revêtements réflectifs en toiture PDF – 125.28 Ko","Tertiaire_BAT/BAT-EN-112 vA38-1 à compter du 31-07-2021.pdf","https://www.ecologie.gouv.fr/sites/default/files/documents/BAT-EN-112%20vA38-1%20%C3%A0%20compter%20du%2031-07-2021.pdf"
"Tertiaire_BAT","BAT-EN-112 vA38-1 à compter du 31-07-2021 - Partie A PDF – 118.06 Ko","Tertiaire_BAT/BAT-EN-112 vA38-1 à compter du 31-07-2021 - Partie A.pdf","https://www.ecologie.gouv.fr/sites/default/files/documents/BAT-EN-112%20vA38-1%20%C3%A0%20compter%20du%2031-07-2021%20-%20Partie%20A.pdf"
"Tertiaire_BAT","BAT-EN-112 vA38-1 à compter du 31-07-2021 - Partie A à compter du 01-07-2026 PDF – 111.23 Ko","Tertiaire_BAT/BAT-EN-112 vA38-1 à compter du 31-07-2021 - Partie A à compter du 01-07-2026.pdf","https://www.ecologie.gouv.fr/sites/default/files/documents/BAT-EN-112%20vA38-1%20%C3%A0%20compter%20du%2031-07-2021%20-%20Partie%20A%20%C3%A0%20compter%20du%2001-07-2026.pdf"
"Tertiaire_BAT","BAT-EN-113 vA54-1 à compter du 01-10-2023 : Façade rideau ou semi-rideau avec vitrage isolant PDF – 126.21 Ko","Tertiaire_BAT/BAT-EN-113 vA54-1 à compter du 01-10-2023_1.pdf","https://www.ecologie.gouv.fr/sites/default/files/documents/BAT-EN-113%20vA54-1%20%C3%A0%20compter%20du%2001-10-2023_1.pdf"
"Tertiaire_BAT","BAT-EN-113 vA54-1 à compter du 01-10-2023 - Partie A PDF – 111.09 Ko","Tertiaire_BAT/BAT-EN-113 vA54-1 à compter du 01-10-2023 - Partie A.pdf","https://www.ecologie.gouv.fr/sites/default/files/documents/BAT-EN-113%20vA54-1%20%C3%A0%20compter%20du%2001-10-2023%20-%20Partie%20A.pdf"
"Tertiaire_BAT","BAT-EN-113 vA54-1 à compter du 01-10-2023 - Partie A à compter du 01-07-2026 PDF – 108.51 Ko","Tertiaire_BAT/BAT-EN-113 vA54-1 à compter du 01-10-2023 - Partie A à compter du 01-07-2026.pdf","https://www.ecologie.gouv.fr/sites/default/files/documents/BAT-EN-113%20vA54-1%20%C3%A0%20compter%20du%2001-10-2023%20-%20Partie%20A%20%C3%A0%20compter%20du%2001-07-2026.pdf"
"Tertiaire_BAT","BAT-EQ-117 vA40-2 à compter du 01-04-2022 : Installation frigorifique utilisant du CO2 subcritique ou transcritique PDF – 164.25 Ko","Tertiaire_BAT/BAT-EQ-117 vA40-2 à compter du 01-04-2022_1.pdf","https://www.ecologie.gouv.fr/sites/default/files/documents/BAT-EQ-117%20vA40-2%20%C3%A0%20compter%20du%2001-04-2022_1.pdf"
"Tertiaire_BAT","BAT-EQ-117 vA40-2 à compter du 01-04-2022 - Partie A PDF – 125.47 Ko","Tertiaire_BAT/BAT-EQ-117 vA40-2 à compter du 01-04-2022 - Partie A.pdf","https://www.ecologie.gouv.fr/sites/default/files/documents/BAT-EQ-117%20vA40-2%20%C3%A0%20compter%20du%2001-04-2022%20-%20Partie%20A.pdf"
"Tertiaire_BAT","BAT-EQ-117 vA40-2 à compter du 01-04-2022 - Partie A à compter du 01-07-2026 PDF – 119.25 Ko","Tertiaire_BAT/BAT-EQ-117 vA40-2 à compter du 01-04-2022 - Partie A à compter du 01-07-2026.pdf","https://www.ecologie.gouv.fr/sites/default/files/documents/BAT-EQ-117%20vA40-2%20%C3%A0%20compter%20du%2001-04-2022%20-%20Partie%20A%20%C3%A0%20compter%20du%2001-07-2026.pdf"
"Tertiaire_BAT","BAT-EQ-123 vA25-2 après le 01-04-2017 : Moto-variateur synchrone à aimants permanents ou à reluctance PDF – 127.08 Ko","Tertiaire_BAT/BAT-EQ-123 vA25-2 après le 01-04-2017.pdf","https://www.ecologie.gouv.fr/sites/default/files/documents/BAT-EQ-123%20vA25-2%20apr%C3%A8s%20le%2001-04-2017.pdf"
"Tertiaire_BAT","BAT-EQ-123 vA25-2 après le 01-04-2017 - Partie A PDF – 125.12 Ko","Tertiaire_BAT/BAT-EQ-123 vA25-2 après le 01-04-2017 - Partie A.pdf","https://www.ecologie.gouv.fr/sites/default/files/documents/BAT-EQ-123%20vA25-2%20apr%C3%A8s%20le%2001-04-2017%20-%20Partie%20A.pdf"
"Tertiaire_BAT","BAT-EQ-123 vA25-2 après le 01-04-2017 - Partie A à compter du 01-07-2026 PDF – 114.64 Ko","Tertiaire_BAT/BAT-EQ-123 vA25-2 après le 01-04-2017 - Partie A à compter du 01-07-2026.pdf","https://www.ecologie.gouv.fr/sites/default/files/documents/BAT-EQ-123%20vA25-2%20apr%C3%A8s%20le%2001-04-2017%20-%20Partie%20A%20%C3%A0%20compter%20du%2001-07-2026.pdf"
"Tertiaire_BAT","BAT-EQ-124 vA15-1 : Fermeture des meubles frigorifiques de vente à température positive PDF – 110.39 Ko","Tertiaire_BAT/BAT-EQ-124 vA15-1.pdf","https://www.ecologie.gouv.fr/sites/default/files/documents/BAT-EQ-124%20vA15-1.pdf"
"Tertiaire_BAT","BAT-EQ-124 vA15-1 - Partie A PDF – 99.34 Ko","Tertiaire_BAT/BAT-EQ-124 vA15-1 - Partie A.pdf","https://www.ecologie.gouv.fr/sites/default/files/documents/BAT-EQ-124%20vA15-1%20-%20Partie%20A.pdf"
"Tertiaire_BAT","BAT-EQ-124 vA15-1 - Partie A à compter du 01-07-2026 PDF – 105.45 Ko","Tertiaire_BAT/BAT-EQ-124 vA15-1 - Partie A à compter du 01-07-2026.pdf","https://www.ecologie.gouv.fr/sites/default/files/documents/BAT-EQ-124%20vA15-1%20-%20Partie%20A%20%C3%A0%20compter%20du%2001-07-2026.pdf"
"Tertiaire_BAT","BAT-EQ-125 vA22-1 : Fermeture des meubles frigorifiques de vente à température négative PDF – 152.8 Ko","Tertiaire_BAT/BAT-EQ-125 vA22-1.pdf","https://www.ecologie.gouv.fr/sites/default/files/documents/BAT-EQ-125%20vA22-1.pdf"
"Tertiaire_BAT","BAT-EQ-125 vA22-1 - Partie A PDF – 105.5 Ko","Tertiaire_BAT/BAT-EQ-125 vA22-1 - Partie A.pdf","https://www.ecologie.gouv.fr/sites/default/files/documents/BAT-EQ-125%20vA22-1%20-%20Partie%20A.pdf"
"Tertiaire_BAT","BAT-EQ-125 vA22-1 - Partie A à compter du 01-07-2026 PDF – 109.68 Ko","Tertiaire_BAT/BAT-EQ-125 vA22-1 - Partie A à compter du 01-07-2026.pdf","https://www.ecologie.gouv.fr/sites/default/files/documents/BAT-EQ-125%20vA22-1%20-%20Partie%20A%20%C3%A0%20compter%20du%2001-07-2026.pdf"
"Tertiaire_BAT","BAT-EQ-129 vA26-1 : Lanterneaux d’éclairage zénithal (France Métropolitaine) PDF – 158.37 Ko","Tertiaire_BAT/BAT-EQ-129 vA26-1.pdf","https://www.ecologie.gouv.fr/sites/default/files/documents/BAT-EQ-129%20vA26-1.pdf"
"Tertiaire_BAT","BAT-EQ-129 vA26-1 - Partie A PDF – 119.54 Ko","Tertiaire_BAT/BAT-EQ-129 vA26-1 - Partie A.pdf","https://www.ecologie.gouv.fr/sites/default/files/documents/BAT-EQ-129%20vA26-1%20-%20Partie%20A.pdf"
"Tertiaire_BAT","BAT-EQ-129 vA26-1 - Partie A à compter du 01-07-2026.pdf PDF – 124.34 Ko","Tertiaire_BAT/BAT-EQ-129 vA26-1 - Partie A à compter du 01-07-2026.pdf","https://www.ecologie.gouv.fr/sites/default/files/documents/BAT-EQ-129%20vA26-1%20-%20Partie%20A%20%C3%A0%20compter%20du%2001-07-2026.pdf"
"Tertiaire_BAT","BAT-EQ-130 vA22-1 : Système de condensation frigorifique à haute efficacité PDF – 163.94 Ko","Tertiaire_BAT/BAT-EQ-130 vA22-1.pdf","https://www.ecologie.gouv.fr/sites/default/files/documents/BAT-EQ-130%20vA22-1.pdf"
"Tertiaire_BAT","BAT-EQ-130 vA22-1 - Partie A PDF – 128.76 Ko","Tertiaire_BAT/BAT-EQ-130 vA22-1 - Partie A.pdf","https://www.ecologie.gouv.fr/sites/default/files/documents/BAT-EQ-130%20vA22-1%20-%20Partie%20A.pdf"
"Tertiaire_BAT","BAT-EQ-130 vA22-1 - Partie A à compter du 01-07-2026 PDF – 120.61 Ko","Tertiaire_BAT/BAT-EQ-130 vA22-1 - Partie A à compter du 01-07-2026.pdf","https://www.ecologie.gouv.fr/sites/default/files/documents/BAT-EQ-130%20vA22-1%20-%20Partie%20A%20%C3%A0%20compter%20du%2001-07-2026.pdf"
"Tertiaire_BAT","BAT-EQ-131 vA15-1 : Conduits de lumière naturelle PDF – 113.94 Ko","Tertiaire_BAT/BAT-EQ-131 vA15-1.pdf","https://www.ecologie.gouv.fr/sites/default/files/documents/BAT-EQ-131%20vA15-1.pdf"
"Tertiaire_BAT","BAT-EQ-131 vA15-1 - Partie A PDF – 104.57 Ko","Tertiaire_BAT/BAT-EQ-131 vA15-1 - Partie A.pdf","https://www.ecologie.gouv.fr/sites/default/files/documents/BAT-EQ-131%20vA15-1%20-%20Partie%20A.pdf"
"Tertiaire_BAT","BAT-EQ-131 vA15-1 - Partie A à compter du 01-07-2026 PDF – 109.37 Ko","Tertiaire_BAT/BAT-EQ-131 vA15-1 - Partie A à compter du 01-07-2026.pdf","https://www.ecologie.gouv.fr/sites/default/files/documents/BAT-EQ-131%20vA15-1%20-%20Partie%20A%20%C3%A0%20compter%20du%2001-07-2026.pdf"
"Tertiaire_BAT","BAT-EQ-134 vA58-2 à compter du 01-04-2024 : Meuble frigorifique de vente performant avec groupe de production de froid intégré PDF – 138.56 Ko","Tertiaire_BAT/BAT-EQ-134 vA58-2 à compter du 01-04-2024_1.pdf","https://www.ecologie.gouv.fr/sites/default/files/documents/BAT-EQ-134%20vA58-2%20%C3%A0%20compter%20du%2001-04-2024_1.pdf"
"Tertiaire_BAT","BAT-EQ-134 vA58-2 à compter du 01-04-2024 - Partie A PDF – 116.74 Ko","Tertiaire_BAT/BAT-EQ-134 vA58-2 à compter du 01-04-2024 - Partie A.pdf","https://www.ecologie.gouv.fr/sites/default/files/documents/BAT-EQ-134%20vA58-2%20%C3%A0%20compter%20du%2001-04-2024%20-%20Partie%20A.pdf"
"Tertiaire_BAT","BAT-EQ-134 vA58-2 à compter du 01-04-2024 - Partie A à compter du 01-07-2026 PDF – 113.83 Ko","Tertiaire_BAT/BAT-EQ-134 vA58-2 à compter du 01-04-2024 - Partie A à compter du 01-07-2026.pdf","https://www.ecologie.gouv.fr/sites/default/files/documents/BAT-EQ-134%20vA58-2%20%C3%A0%20compter%20du%2001-04-2024%20-%20Partie%20A%20%C3%A0%20compter%20du%2001-07-2026.pdf"
"Tertiaire_BAT","BAT-EQ-135 vA65-2 à compter du 01-04-2025 : Dispositif performant d’alimentation sans interruption PDF – 125.81 Ko","Tertiaire_BAT/BAT-EQ-135 vA65-2 à compter du 01-04-2025_1.pdf","https://www.ecologie.gouv.fr/sites/default/files/documents/BAT-EQ-135%20vA65-2%20%C3%A0%20compter%20du%2001-04-2025_1.pdf"
"Tertiaire_BAT","BAT-EQ-135 vA65-2 à compter du 01-04-2025 - Partie A PDF – 118.95 Ko","Tertiaire_BAT/BAT-EQ-135 vA65-2 à compter du 01-04-2025 - Partie A.pdf","https://www.ecologie.gouv.fr/sites/default/files/documents/BAT-EQ-135%20vA65-2%20%C3%A0%20compter%20du%2001-04-2025%20-%20Partie%20A.pdf"
"Tertiaire_BAT","BAT-EQ-135 vA65-2 à compter du 01-04-2025 - Partie A à compter du 01-07-2026 PDF – 106.71 Ko","Tertiaire_BAT/BAT-EQ-135 vA65-2 à compter du 01-04-2025 - Partie A à compter du 01-07-2026.pdf","https://www.ecologie.gouv.fr/sites/default/files/documents/BAT-EQ-135%20vA65-2%20%C3%A0%20compter%20du%2001-04-2025%20-%20Partie%20A%20%C3%A0%20compter%20du%2001-07-2026.pdf"
"Tertiaire_BAT","BAT-SE-103 vA19-1 : Réglage des organes d’équilibrage d’une installation de chauffage à eau chaude PDF – 108.35 Ko","Tertiaire_BAT/BAT-SE-103 vA19-1.pdf","https://www.ecologie.gouv.fr/sites/default/files/documents/BAT-SE-103%20vA19-1.pdf"
"Tertiaire_BAT","BAT-SE-103 vA19-1 - Partie A PDF – 94.66 Ko","Tertiaire_BAT/BAT-SE-103 vA19-1 - Partie A.pdf","https://www.ecologie.gouv.fr/sites/default/files/documents/BAT-SE-103%20vA19-1%20-%20Partie%20A.pdf"
"Tertiaire_BAT","BAT-SE-103 vA19-1 - Partie A à compter du 01-07-2026 PDF – 101.38 Ko","Tertiaire_BAT/BAT-SE-103 vA19-1 - Partie A à compter du 01-07-2026.pdf","https://www.ecologie.gouv.fr/sites/default/files/documents/BAT-SE-103%20vA19-1%20-%20Partie%20A%20%C3%A0%20compter%20du%2001-07-2026.pdf"
"Tertiaire_BAT","BAT-SE-104 vA31-1 : Contrat de performance énergétique Services (CPE Services) Chauffage PDF – 202.33 Ko","Tertiaire_BAT/BAT-SE-104 vA31-1.pdf","https://www.ecologie.gouv.fr/sites/default/files/documents/BAT-SE-104%20vA31-1.pdf"
"Tertiaire_BAT","BAT-SE-104 vA31-1 - Parties A et C PDF – 135.54 Ko","Tertiaire_BAT/BAT-SE-104 vA31-1 - Parties A et C.pdf","https://www.ecologie.gouv.fr/sites/default/files/documents/BAT-SE-104%20vA31-1%20-%20Parties%20A%20et%20C.pdf"
"Tertiaire_BAT","BAT-SE-104 vA31-1 - Partie A à compter du 01-07-2026 - Partie C PDF – 138.46 Ko","Tertiaire_BAT/BAT-SE-104 vA31-1 - Partie A à compter du 01-07-2026 - Partie C.pdf","https://www.ecologie.gouv.fr/sites/default/files/documents/BAT-SE-104%20vA31-1%20-%20Partie%20A%20%C3%A0%20compter%20du%2001-07-2026%20-%20Partie%20C.pdf"
"Tertiaire_BAT","BAT-SE-105 vA32-1 : Abaissement de la température de retour vers un réseau de chaleur PDF – 119.72 Ko","Tertiaire_BAT/BAT-SE-105 vA32-1.pdf","https://www.ecologie.gouv.fr/sites/default/files/documents/BAT-SE-105%20vA32-1.pdf"
"Tertiaire_BAT","BAT-SE-105 vA32-1 - Parties A et D PDF – 115.49 Ko","Tertiaire_BAT/BAT-SE-105 vA32-1 - Parties A et D_0.pdf","https://www.ecologie.gouv.fr/sites/default/files/documents/BAT-SE-105%20vA32-1%20-%20Parties%20A%20et%20D_0.pdf"
"Tertiaire_BAT","BAT-SE-105 vA32-1 - Partie A à compter du 01-07-2026 et Partie D PDF – 112.3 Ko","Tertiaire_BAT/BAT-SE-105 vA32-1 - Partie A à compter du 01-07-2026 et Partie D.pdf","https://www.ecologie.gouv.fr/sites/default/files/documents/BAT-SE-105%20vA32-1%20-%20Partie%20A%20%C3%A0%20compter%20du%2001-07-2026%20et%20Partie%20D.pdf"
"Tertiaire_BAT","BAT-TH-103 v A31-2 à compter du 01-10-2019 : Plancher chauffant hydraulique à basse température PDF – 116.34 Ko","Tertiaire_BAT/BAT-TH-103 v A31-2 à compter du 01-10-2019_0.pdf","https://www.ecologie.gouv.fr/sites/default/files/documents/BAT-TH-103%20v%20A31-2%20%C3%A0%20compter%20du%2001-10-2019_0.pdf"
"Tertiaire_BAT","BAT-TH-103 v A31-2 à compter du 01-10-2019 - Partie A PDF – 106.23 Ko","Tertiaire_BAT/BAT-TH-103 v A31-2 à compter du 01-10-2019 - Partie A.pdf","https://www.ecologie.gouv.fr/sites/default/files/documents/BAT-TH-103%20v%20A31-2%20%C3%A0%20compter%20du%2001-10-2019%20-%20Partie%20A.pdf"
"Tertiaire_BAT","BAT-TH-103 v A31-2 à compter du 01-10-2019 - Partie A à compter du 01-07-2026 PDF – 104.65 Ko","Tertiaire_BAT/BAT-TH-103 v A31-2 à compter du 01-10-2019 - Partie A à compter du 01-07-2026.pdf","https://www.ecologie.gouv.fr/sites/default/files/documents/BAT-TH-103%20v%20A31-2%20%C3%A0%20compter%20du%2001-10-2019%20-%20Partie%20A%20%C3%A0%20compter%20du%2001-07-2026.pdf"
"Tertiaire_BAT","BAT-TH-105 v A32-2 à compter du 01-04-2020 PDF – 118 Ko","Tertiaire_BAT/BAT-TH-105 v A32-2 à compter du 01-04-2020_0.pdf","https://www.ecologie.gouv.fr/sites/default/files/documents/BAT-TH-105%20v%20A32-2%20%C3%A0%20compter%20du%2001-04-2020_0.pdf"
"Tertiaire_BAT","BAT-TH-105 v A32-2 à compter du 01-04-2020 - Partie A à compter du 01-07-2026 PDF – 108.37 Ko","Tertiaire_BAT/BAT-TH-105 v A32-2 à compter du 01-04-2020 - Partie A à compter du 01-07-2026_0.pdf","https://www.ecologie.gouv.fr/sites/default/files/documents/BAT-TH-105%20v%20A32-2%20%C3%A0%20compter%20du%2001-04-2020%20-%20Partie%20A%20%C3%A0%20compter%20du%2001-07-2026_0.pdf"
"Tertiaire_BAT","BAT-TH-108 v A22-1 - Partie A PDF – 120.79 Ko","Tertiaire_BAT/BAT-TH-108 v A22-1 - Partie A.pdf","https://www.ecologie.gouv.fr/sites/default/files/documents/BAT-TH-108%20v%20A22-1%20-%20Partie%20A.pdf"
"Tertiaire_BAT","BAT-TH-105 v A32-2 à compter du 01-04-2020 - Partie A PDF – 110.01 Ko","Tertiaire_BAT/BAT-TH-105 v A32-2 à compter du 01-04-2020 - Partie A_0.pdf","https://www.ecologie.gouv.fr/sites/default/files/documents/BAT-TH-105%20v%20A32-2%20%C3%A0%20compter%20du%2001-04-2020%20-%20Partie%20A_0.pdf"
"Tertiaire_BAT","BAT-TH-108 v A22-1 - Partie A à compter du 01-07-2026 PDF – 112.05 Ko","Tertiaire_BAT/BAT-TH-108 v A22-1 - Partie A à compter du 01-07-2026.pdf","https://www.ecologie.gouv.fr/sites/default/files/documents/BAT-TH-108%20v%20A22-1%20-%20Partie%20A%20%C3%A0%20compter%20du%2001-07-2026.pdf"
"Tertiaire_BAT","BAT-TH-108 v A22-1 : Système de régulation par programmation d’intermittence PDF – 133.01 Ko","Tertiaire_BAT/BAT-TH-108 v A22-1.pdf","https://www.ecologie.gouv.fr/sites/default/files/documents/BAT-TH-108%20v%20A22-1.pdf"
"Tertiaire_BAT","BAT-TH-109 vA54-3 à compter du 01-01-2024 : Optimiseur de relance en chauffage collectif comprenant une fonction auto-adaptative PDF – 124.33 Ko","Tertiaire_BAT/BAT-TH-109 vA54-3 à compter du 01-01-2024_2.pdf","https://www.ecologie.gouv.fr/sites/default/files/documents/BAT-TH-109%20vA54-3%20%C3%A0%20compter%20du%2001-01-2024_2.pdf"
"Tertiaire_BAT","BAT-TH-109 vA54-3 à compter du 01-01-2024 - Partie A PDF – 112.39 Ko","Tertiaire_BAT/BAT-TH-109 vA54-3 à compter du 01-01-2024 - Partie A.pdf","https://www.ecologie.gouv.fr/sites/default/files/documents/BAT-TH-109%20vA54-3%20%C3%A0%20compter%20du%2001-01-2024%20-%20Partie%20A.pdf"
"Tertiaire_BAT","BAT-TH-109 vA54-3 à compter du 01-01-2024 - Partie A à compter du 01-07-2026 PDF – 109.65 Ko","Tertiaire_BAT/BAT-TH-109 vA54-3 à compter du 01-01-2024 - Partie A à compter du 01-07-2026.pdf","https://www.ecologie.gouv.fr/sites/default/files/documents/BAT-TH-109%20vA54-3%20%C3%A0%20compter%20du%2001-01-2024%20-%20Partie%20A%20%C3%A0%20compter%20du%2001-07-2026.pdf"
"Tertiaire_BAT","BAT-TH-110 vA15-1 : Récupérateur de chaleur à condensation PDF – 130.44 Ko","Tertiaire_BAT/BAT-TH-110 vA15-1.pdf","https://www.ecologie.gouv.fr/sites/default/files/documents/BAT-TH-110%20vA15-1.pdf"
"Tertiaire_BAT","BAT-TH-110 vA15-1 - Partie A à compter du 01-07-2026 PDF – 106.38 Ko","Tertiaire_BAT/BAT-TH-110 vA15-1 - Partie A à compter du 01-07-2026.pdf","https://www.ecologie.gouv.fr/sites/default/files/documents/BAT-TH-110%20vA15-1%20-%20Partie%20A%20%C3%A0%20compter%20du%2001-07-2026.pdf"
"Tertiaire_BAT","BAT-TH-110 vA15-1 - Partie A PDF – 101.6 Ko","Tertiaire_BAT/BAT-TH-110 vA15-1 - Partie A.pdf","https://www.ecologie.gouv.fr/sites/default/files/documents/BAT-TH-110%20vA15-1%20-%20Partie%20A.pdf"
"Tertiaire_BAT","BAT-TH-111 vA17-1 : Chauffe-eau solaire collectif (France métropolitaine) PDF – 115.06 Ko","Tertiaire_BAT/BAT-TH-111 vA17-1.pdf","https://www.ecologie.gouv.fr/sites/default/files/documents/BAT-TH-111%20vA17-1.pdf"
"Tertiaire_BAT","BAT-TH-111 vA17-1 - Partie A PDF – 100.28 Ko","Tertiaire_BAT/BAT-TH-111 vA17-1 - Partie A.pdf","https://www.ecologie.gouv.fr/sites/default/files/documents/BAT-TH-111%20vA17-1%20-%20Partie%20A.pdf"
"Tertiaire_BAT","BAT-TH-111 vA17-1 - Partie A à compter du 01-07-2026 PDF – 104.66 Ko","Tertiaire_BAT/BAT-TH-111 vA17-1 - Partie A à compter du 01-07-2026.pdf","https://www.ecologie.gouv.fr/sites/default/files/documents/BAT-TH-111%20vA17-1%20-%20Partie%20A%20%C3%A0%20compter%20du%2001-07-2026.pdf"
"Tertiaire_BAT","BAT-TH-112 vA22-2 : Système de variation électronique de vitesse sur un moteur asynchrone PDF – 129.48 Ko","Tertiaire_BAT/BAT-TH-112 vA22-2.pdf","https://www.ecologie.gouv.fr/sites/default/files/documents/BAT-TH-112%20vA22-2.pdf"
"Tertiaire_BAT","BAT-TH-112 vA22-2 - Partie A PDF – 131.13 Ko","Tertiaire_BAT/BAT-TH-112 vA22-2 - Partie A.pdf","https://www.ecologie.gouv.fr/sites/default/files/documents/BAT-TH-112%20vA22-2%20-%20Partie%20A.pdf"
"Tertiaire_BAT","BAT-TH-112 vA22-2 - Partie A à compter du 01-07-2026 PDF – 121.49 Ko","Tertiaire_BAT/BAT-TH-112 vA22-2 - Partie A à compter du 01-07-2026.pdf","https://www.ecologie.gouv.fr/sites/default/files/documents/BAT-TH-112%20vA22-2%20-%20Partie%20A%20%C3%A0%20compter%20du%2001-07-2026.pdf"
"Tertiaire_BAT","BAT-TH-115 vA15-2 : Climatiseur performant (France d'outre mer) PDF – 121.23 Ko","Tertiaire_BAT/BAT-TH-115 vA15-2.pdf","https://www.ecologie.gouv.fr/sites/default/files/documents/BAT-TH-115%20vA15-2.pdf"
"Tertiaire_BAT","BAT-TH-115 vA15-2 - Partie A PDF – 106.3 Ko","Tertiaire_BAT/BAT-TH-115 vA15-2 - Partie A.pdf","https://www.ecologie.gouv.fr/sites/default/files/documents/BAT-TH-115%20vA15-2%20-%20Partie%20A.pdf"
"Tertiaire_BAT","BAT-TH-115 vA15-2 - Partie A à compter du 01-07-2026 PDF – 111.29 Ko","Tertiaire_BAT/BAT-TH-115 vA15-2 - Partie A à compter du 01-07-2026.pdf","https://www.ecologie.gouv.fr/sites/default/files/documents/BAT-TH-115%20vA15-2%20-%20Partie%20A%20%C3%A0%20compter%20du%2001-07-2026.pdf"
"Tertiaire_BAT","BAT-TH-116 vA62-6 à compter du 01-01-2025 : Système de gestion technique du bâtiment pour le chauffage, l’eau chaude sanitaire, le refroidissement / climatisation, l’éclairage et les auxiliaires PDF – 166.13 Ko","Tertiaire_BAT/BAT-TH-116 vA62-6 à compter du 01-01-2025_1.pdf","https://www.ecologie.gouv.fr/sites/default/files/documents/BAT-TH-116%20vA62-6%20%C3%A0%20compter%20du%2001-01-2025_1.pdf"
"Tertiaire_BAT","BAT-TH-116 vA62-6 à compter du 01-01-2025 - Partie A PDF – 125.47 Ko","Tertiaire_BAT/BAT-TH-116 vA62-6 à compter du 01-01-2025 - Partie A.pdf","https://www.ecologie.gouv.fr/sites/default/files/documents/BAT-TH-116%20vA62-6%20%C3%A0%20compter%20du%2001-01-2025%20-%20Partie%20A.pdf"
"Tertiaire_BAT","BAT-TH-116 vA62-6 à compter du 01-01-2025 - Partie A à compter du 01-07-2026 PDF – 113.18 Ko","Tertiaire_BAT/BAT-TH-116 vA62-6 à compter du 01-01-2025 - Partie A à compter du 01-07-2026.pdf","https://www.ecologie.gouv.fr/sites/default/files/documents/BAT-TH-116%20vA62-6%20%C3%A0%20compter%20du%2001-01-2025%20-%20Partie%20A%20%C3%A0%20compter%20du%2001-07-2026.pdf"
"Tertiaire_BAT","BAT-TH-121 vA35-3 à compter du 01-10-2020 : Chauffe-eau solaire (France d'outre mer) PDF – 174.3 Ko","Tertiaire_BAT/BAT-TH-121 vA35-3 à compter du 01-10-2020.pdf","https://www.ecologie.gouv.fr/sites/default/files/documents/BAT-TH-121%20vA35-3%20%C3%A0%20compter%20du%2001-10-2020.pdf"
"Tertiaire_BAT","BAT-TH-121 vA35-3 à compter du 01-10-2020 - Partie A PDF – 128.27 Ko","Tertiaire_BAT/BAT-TH-121 vA35-3 à compter du 01-10-2020 - Partie A.pdf","https://www.ecologie.gouv.fr/sites/default/files/documents/BAT-TH-121%20vA35-3%20%C3%A0%20compter%20du%2001-10-2020%20-%20Partie%20A.pdf"
"Tertiaire_BAT","BAT-TH-121 vA35-3 à compter du 01-10-2020 - Partie A à compter du 01-07-2026 PDF – 121.19 Ko","Tertiaire_BAT/BAT-TH-121 vA35-3 à compter du 01-10-2020 - Partie A à compter du 01-07-2026.pdf","https://www.ecologie.gouv.fr/sites/default/files/documents/BAT-TH-121%20vA35-3%20%C3%A0%20compter%20du%2001-10-2020%20-%20Partie%20A%20%C3%A0%20compter%20du%2001-07-2026.pdf"
"Tertiaire_BAT","BAT-TH-122 vA22-1 : Programmateur d’intermittence pour la climatisation (France d’outre-mer) PDF – 120.61 Ko","Tertiaire_BAT/BAT-TH-122 vA22-1.pdf","https://www.ecologie.gouv.fr/sites/default/files/documents/BAT-TH-122%20vA22-1.pdf"
"Tertiaire_BAT","BAT-TH-122 vA22-1 - Partie A PDF – 115.63 Ko","Tertiaire_BAT/BAT-TH-122 vA22-1 - Partie A.pdf","https://www.ecologie.gouv.fr/sites/default/files/documents/BAT-TH-122%20vA22-1%20-%20Partie%20A.pdf"
"Tertiaire_BAT","BAT-TH-122 vA22-1 - Partie A à compter du 01-07-2026 PDF – 119.72 Ko","Tertiaire_BAT/BAT-TH-122 vA22-1 - Partie A à compter du 01-07-2026.pdf","https://www.ecologie.gouv.fr/sites/default/files/documents/BAT-TH-122%20vA22-1%20-%20Partie%20A%20%C3%A0%20compter%20du%2001-07-2026.pdf"
"Tertiaire_BAT","BAT-TH-125 v A32-2 à compter du 01-04-2020 : Ventilation mécanique simple flux à débit d’air constant ou modulé PDF – 146.09 Ko","Tertiaire_BAT/BAT-TH-125 v A32-2 à compter du 01-04-2020_0.pdf","https://www.ecologie.gouv.fr/sites/default/files/documents/BAT-TH-125%20v%20A32-2%20%C3%A0%20compter%20du%2001-04-2020_0.pdf"
"Tertiaire_BAT","BAT-TH-125 v A32-2 à compter du 01-04-2020 - Partie A PDF – 115.83 Ko","Tertiaire_BAT/BAT-TH-125 v A32-2 à compter du 01-04-2020 - Partie A.pdf","https://www.ecologie.gouv.fr/sites/default/files/documents/BAT-TH-125%20v%20A32-2%20%C3%A0%20compter%20du%2001-04-2020%20-%20Partie%20A.pdf"
"Tertiaire_BAT","BAT-TH-125 v A32-2 à compter du 01-04-2020 - Partie A à compter du 01-07-2026 PDF – 120.76 Ko","Tertiaire_BAT/BAT-TH-125 v A32-2 à compter du 01-04-2020 - Partie A à compter du 01-07-2026.pdf","https://www.ecologie.gouv.fr/sites/default/files/documents/BAT-TH-125%20v%20A32-2%20%C3%A0%20compter%20du%2001-04-2020%20-%20Partie%20A%20%C3%A0%20compter%20du%2001-07-2026.pdf"
"Tertiaire_BAT","BAT-TH-126 v A32-2 à compter du 01-04-2020 : Ventilation mécanique double flux avec échangeur à débit d’air constant ou modulé PDF – 157.38 Ko","Tertiaire_BAT/BAT-TH-126 v A32-2 à compter du 01-04-2020_0.pdf","https://www.ecologie.gouv.fr/sites/default/files/documents/BAT-TH-126%20v%20A32-2%20%C3%A0%20compter%20du%2001-04-2020_0.pdf"
"Tertiaire_BAT","BAT-TH-126 v A32-2 à compter du 01-04-2020 - Partie A PDF – 120.15 Ko","Tertiaire_BAT/BAT-TH-126 v A32-2 à compter du 01-04-2020 - Partie A.pdf","https://www.ecologie.gouv.fr/sites/default/files/documents/BAT-TH-126%20v%20A32-2%20%C3%A0%20compter%20du%2001-04-2020%20-%20Partie%20A.pdf"
"Tertiaire_BAT","BAT-TH-126 v A32-2 à compter du 01-04-2020 - Partie A à compter du 01-07-2026 PDF – 124.97 Ko","Tertiaire_BAT/BAT-TH-126 v A32-2 à compter du 01-04-2020 - Partie A à compter du 01-07-2026.pdf","https://www.ecologie.gouv.fr/sites/default/files/documents/BAT-TH-126%20v%20A32-2%20%C3%A0%20compter%20du%2001-04-2020%20-%20Partie%20A%20%C3%A0%20compter%20du%2001-07-2026.pdf"
"Tertiaire_BAT","BAT-TH-127 vA79-5 à compter du 01-01-2026 : Raccordement d'un bâtiment tertiaire à un réseau de chaleur PDF – 131.77 Ko","Tertiaire_BAT/BAT-TH-127 vA79-5 à compter du 01-01-2026_1.pdf","https://www.ecologie.gouv.fr/sites/default/files/documents/BAT-TH-127%20vA79-5%20%C3%A0%20compter%20du%2001-01-2026_1.pdf"
"Tertiaire_BAT","BAT-TH-127 vA79-5 à compter du 01-01-2026 - Parties A, B, C et D PDF – 160.53 Ko","Tertiaire_BAT/BAT-TH-127 vA79-5 à compter du 01-01-2026 - Parties A, B, C et D.pdf","https://www.ecologie.gouv.fr/sites/default/files/documents/BAT-TH-127%20vA79-5%20%C3%A0%20compter%20du%2001-01-2026%20-%20Parties%20A%2C%20B%2C%20C%20et%20D.pdf"
"Tertiaire_BAT","BAT-TH-127 vA79-5 à compter du 01-01-2026 - Partie A à compter du 01-07-2026 - Parties B, C et D PDF – 163.67 Ko","Tertiaire_BAT/BAT-TH-127 vA79-5 à compter du 01-01-2026 - Partie A à compter du 01-07-2026 - Parties B, C et D.pdf","https://www.ecologie.gouv.fr/sites/default/files/documents/BAT-TH-127%20vA79-5%20%C3%A0%20compter%20du%2001-01-2026%20-%20Partie%20A%20%C3%A0%20compter%20du%2001-07-2026%20-%20Parties%20B%2C%20C%20et%20D.pdf"
"Tertiaire_BAT","BAT-TH-127 vA79-5 à compter du 01-01-2026 - Annexe 2 PDF – 152.7 Ko","Tertiaire_BAT/BAT-TH-127 vA79-5 à compter du 01-01-2026 - Annexe 2.pdf","https://www.ecologie.gouv.fr/sites/default/files/documents/BAT-TH-127%20vA79-5%20%C3%A0%20compter%20du%2001-01-2026%20-%20Annexe%202.pdf"
"Tertiaire_BAT","BAT-TH-127 vA79-5 à compter du 01-01-2026 - Annexe 2 à compter du 01-07-2026 PDF – 156.24 Ko","Tertiaire_BAT/BAT-TH-127 vA79-5 à compter du 01-01-2026 - Annexe 2 à compter du 01-07-2026.pdf","https://www.ecologie.gouv.fr/sites/default/files/documents/BAT-TH-127%20vA79-5%20%C3%A0%20compter%20du%2001-01-2026%20-%20Annexe%202%20%C3%A0%20compter%20du%2001-07-2026.pdf"
"Tertiaire_BAT","BAT-TH-134 vA22-1 : Système de régulation sur un groupe de production de froid permettant d’avoir une haute pression flottante (France métropolitaine) PDF – 157.16 Ko","Tertiaire_BAT/BAT-TH-134 vA22-1.pdf","https://www.ecologie.gouv.fr/sites/default/files/documents/BAT-TH-134%20vA22-1.pdf"
"Tertiaire_BAT","BAT-TH-134 v A22-1 - Partie A PDF – 125.55 Ko","Tertiaire_BAT/BAT-TH-134 v A22-1 - Partie A.pdf","https://www.ecologie.gouv.fr/sites/default/files/documents/BAT-TH-134%20v%20A22-1%20-%20Partie%20A.pdf"
"Tertiaire_BAT","BAT-TH-134 v A22-1 - Partie A à compter du 01-07-2026 PDF – 129.13 Ko","Tertiaire_BAT/BAT-TH-134 v A22-1 - Partie A à compter du 01-07-2026.pdf","https://www.ecologie.gouv.fr/sites/default/files/documents/BAT-TH-134%20v%20A22-1%20-%20Partie%20A%20%C3%A0%20compter%20du%2001-07-2026.pdf"
"Tertiaire_BAT","BAT-TH-135 vA26-1 : Système de régulation sur un groupe de production de froid permettant d’avoir une haute pression flottante (France d’outre-mer) PDF – 146.88 Ko","Tertiaire_BAT/BAT-TH-135 vA26-1.pdf","https://www.ecologie.gouv.fr/sites/default/files/documents/BAT-TH-135%20vA26-1.pdf"
"Tertiaire_BAT","BAT-TH-135 vA26-1 - Partie A PDF – 103.64 Ko","Tertiaire_BAT/BAT-TH-135 vA26-1 - Partie A.pdf","https://www.ecologie.gouv.fr/sites/default/files/documents/BAT-TH-135%20vA26-1%20-%20Partie%20A.pdf"
"Tertiaire_BAT","BAT-TH-135 vA26-1 - Partie A à compter du 01-07-2026 PDF – 108.96 Ko","Tertiaire_BAT/BAT-TH-135 vA26-1 - Partie A à compter du 01-07-2026.pdf","https://www.ecologie.gouv.fr/sites/default/files/documents/BAT-TH-135%20vA26-1%20-%20Partie%20A%20%C3%A0%20compter%20du%2001-07-2026.pdf"
"Tertiaire_BAT","BAT-TH-139 vA35-3 à compter du 01-10-2020 : Système de récupération de chaleur sur un groupe de production de froid PDF – 163.19 Ko","Tertiaire_BAT/BAT-TH-139 vA35-3 à compter du 01-10-2020.pdf","https://www.ecologie.gouv.fr/sites/default/files/documents/BAT-TH-139%20vA35-3%20%C3%A0%20compter%20du%2001-10-2020.pdf"
"Tertiaire_BAT","BAT-TH-139 v A35-3 à compter du 01-10-2020 - Partie A PDF – 138.46 Ko","Tertiaire_BAT/BAT-TH-139 v A35-3 à compter du 01-10-2020 - Partie A.pdf","https://www.ecologie.gouv.fr/sites/default/files/documents/BAT-TH-139%20v%20A35-3%20%C3%A0%20compter%20du%2001-10-2020%20-%20Partie%20A.pdf"
"Tertiaire_BAT","BAT-TH-139 v A35-3 à compter du 01-10-2020 - Partie A à compter du 01-07-2026 PDF – 142.43 Ko","Tertiaire_BAT/BAT-TH-139 v A35-3 à compter du 01-10-2020 - Partie A à compter du 01-07-2026.pdf","https://www.ecologie.gouv.fr/sites/default/files/documents/BAT-TH-139%20v%20A35-3%20%C3%A0%20compter%20du%2001-10-2020%20-%20Partie%20A%20%C3%A0%20compter%20du%2001-07-2026.pdf"
"Tertiaire_BAT","BAT-TH-142 vA71-4 à compter du 01-08-2025 : Système de déstratification d’air PDF – 131.74 Ko","Tertiaire_BAT/BAT-TH-142 vA71-4 à compter du 01-08-2025.pdf","https://www.ecologie.gouv.fr/sites/default/files/documents/BAT-TH-142%20vA71-4%20%C3%A0%20compter%20du%2001-08-2025.pdf"
"Tertiaire_BAT","BAT-TH-142 vA71-4 à compter du 01-08-2025 - Partie A PDF – 110.92 Ko","Tertiaire_BAT/BAT-TH-142 vA71-4 à compter du 01-08-2025 - Partie A.pdf","https://www.ecologie.gouv.fr/sites/default/files/documents/BAT-TH-142%20vA71-4%20%C3%A0%20compter%20du%2001-08-2025%20-%20Partie%20A.pdf"
"Tertiaire_BAT","BAT-TH-142 vA71-4 à compter du 01-08-2025 - Partie A à compter du 01-07-2026 PDF – 114.15 Ko","Tertiaire_BAT/BAT-TH-142 vA71-4 à compter du 01-08-2025 - Partie A à compter du 01-07-2026.pdf","https://www.ecologie.gouv.fr/sites/default/files/documents/BAT-TH-142%20vA71-4%20%C3%A0%20compter%20du%2001-08-2025%20-%20Partie%20A%20%C3%A0%20compter%20du%2001-07-2026.pdf"
"Tertiaire_BAT","BAT-TH-143 vA16-1 : Ventilo-convecteurs haute performance PDF – 124.81 Ko","Tertiaire_BAT/BAT-TH-143 vA16-1.pdf","https://www.ecologie.gouv.fr/sites/default/files/documents/BAT-TH-143%20vA16-1.pdf"
"Tertiaire_BAT","BAT-TH-143 vA16-1 - Partie A PDF – 102.12 Ko","Tertiaire_BAT/BAT-TH-143 vA16-1 - Partie A.pdf","https://www.ecologie.gouv.fr/sites/default/files/documents/BAT-TH-143%20vA16-1%20-%20Partie%20A.pdf"
"Tertiaire_BAT","BAT-TH-143 vA16-1 - Partie A à compter du 01-07-2026 PDF – 107.15 Ko","Tertiaire_BAT/BAT-TH-143 vA16-1 - Partie A à compter du 01-07-2026.pdf","https://www.ecologie.gouv.fr/sites/default/files/documents/BAT-TH-143%20vA16-1%20-%20Partie%20A%20%C3%A0%20compter%20du%2001-07-2026.pdf"
"Tertiaire_BAT","BAT-TH-145 vA23-1 : Système de régulation sur un groupe de production de froid permettant d’avoir une basse pression flottante (France métropolitaine) PDF – 110.14 Ko","Tertiaire_BAT/BAT-TH-145 vA23-1.pdf","https://www.ecologie.gouv.fr/sites/default/files/documents/BAT-TH-145%20vA23-1.pdf"
"Tertiaire_BAT","BAT-TH-145 vA23-1 - Partie A PDF – 107.66 Ko","Tertiaire_BAT/BAT-TH-145 vA23-1 - Partie A_0.pdf","https://www.ecologie.gouv.fr/sites/default/files/documents/BAT-TH-145%20vA23-1%20-%20Partie%20A_0.pdf"
"Tertiaire_BAT","BAT-TH-145 vA23-1 - Partie A à compter du 01-07-2026 PDF – 113.24 Ko","Tertiaire_BAT/BAT-TH-145 vA23-1 - Partie A à compter du 01-07-2026.docx-.pdf","https://www.ecologie.gouv.fr/sites/default/files/documents/BAT-TH-145%20vA23-1%20-%20Partie%20A%20%C3%A0%20compter%20du%2001-07-2026.docx-.pdf"
"Tertiaire_BAT","BAT-TH-153 vA28-1 : Système de confinement des allées froides et allées chaudes dans un Data Center PDF – 122.78 Ko","Tertiaire_BAT/BAT-TH-153 vA28-1.pdf","https://www.ecologie.gouv.fr/sites/default/files/documents/BAT-TH-153%20vA28-1.pdf"
"Tertiaire_BAT","BAT-TH-153 vA28-1 - Partie A PDF – 115.63 Ko","Tertiaire_BAT/BAT-TH-153 vA28-1 - Partie A.pdf","https://www.ecologie.gouv.fr/sites/default/files/documents/BAT-TH-153%20vA28-1%20-%20Partie%20A.pdf"
"Tertiaire_BAT","BAT-TH-153 vA28-1 - Partie A à compter du 01-07-2026 PDF – 120.7 Ko","Tertiaire_BAT/BAT-TH-153 vA28-1 - Partie A à compter du 01-07-2026.pdf","https://www.ecologie.gouv.fr/sites/default/files/documents/BAT-TH-153%20vA28-1%20-%20Partie%20A%20%C3%A0%20compter%20du%2001-07-2026.pdf"
"Tertiaire_BAT","BAT-TH-154 vA28-1 : Récupération instantanée de chaleur sur eaux grises PDF – 166.73 Ko","Tertiaire_BAT/BAT-TH-154 vA28-1.pdf","https://www.ecologie.gouv.fr/sites/default/files/documents/BAT-TH-154%20vA28-1.pdf"
"Tertiaire_BAT","BAT-TH-154 vA28-1 - Partie A PDF – 108.99 Ko","Tertiaire_BAT/BAT-TH-154 vA28-1 - Partie A.pdf","https://www.ecologie.gouv.fr/sites/default/files/documents/BAT-TH-154%20vA28-1%20-%20Partie%20A.pdf"
"Tertiaire_BAT","BAT-TH-154 vA28-1 - Partie A à compter du 01-07-2026 PDF – 113.93 Ko","Tertiaire_BAT/BAT-TH-154 vA28-1 - Partie A à compter du 01-07-2026.pdf","https://www.ecologie.gouv.fr/sites/default/files/documents/BAT-TH-154%20vA28-1%20-%20Partie%20A%20%C3%A0%20compter%20du%2001-07-2026.pdf"
"Tertiaire_BAT","BAT-TH-156 vA31-1 : Freecooling par eau de refroidissement en substitution d'un groupe froid pour la climatisation PDF – 124.01 Ko","Tertiaire_BAT/BAT-TH-156 vA31-1.pdf","https://www.ecologie.gouv.fr/sites/default/files/documents/BAT-TH-156%20vA31-1.pdf"
"Tertiaire_BAT","BAT-TH-156 vA31-1 - Partie A PDF – 114.02 Ko","Tertiaire_BAT/BAT-TH-156 vA31-1 - Partie A.pdf","https://www.ecologie.gouv.fr/sites/default/files/documents/BAT-TH-156%20vA31-1%20-%20Partie%20A.pdf"
"Tertiaire_BAT","BAT-TH-156 vA31-1 - Partie A à compter du 01-07-2026 PDF – 118.26 Ko","Tertiaire_BAT/BAT-TH-156 vA31-1 - Partie A à compter du 01-07-2026.pdf","https://www.ecologie.gouv.fr/sites/default/files/documents/BAT-TH-156%20vA31-1%20-%20Partie%20A%20%C3%A0%20compter%20du%2001-07-2026.pdf"
"Tertiaire_BAT","BAT-TH-157 vA50-2 à compter du 01-04-2023 : Chaudière biomasse collective PDF – 134.77 Ko","Tertiaire_BAT/BAT-TH-157 vA50-2 à compter du 01-04-2023_1.pdf","https://www.ecologie.gouv.fr/sites/default/files/documents/BAT-TH-157%20vA50-2%20%C3%A0%20compter%20du%2001-04-2023_1.pdf"
"Tertiaire_BAT","BAT-TH-157 vA50-2 à compter du 01-04-2023 - Partie A PDF – 122.28 Ko","Tertiaire_BAT/BAT-TH-157 vA50-2 à compter du 01-04-2023 - Partie A.pdf","https://www.ecologie.gouv.fr/sites/default/files/documents/BAT-TH-157%20vA50-2%20%C3%A0%20compter%20du%2001-04-2023%20-%20Partie%20A.pdf"
"Tertiaire_BAT","BAT-TH-157 vA50-2 à compter du 01-04-2023 - Partie A à compter du 01-07-2026 PDF – 126.22 Ko","Tertiaire_BAT/BAT-TH-157 vA50-2 à compter du 01-04-2023 - Partie A à compter du 01-07-2026.pdf","https://www.ecologie.gouv.fr/sites/default/files/documents/BAT-TH-157%20vA50-2%20%C3%A0%20compter%20du%2001-04-2023%20-%20Partie%20A%20%C3%A0%20compter%20du%2001-07-2026.pdf"
"Tertiaire_BAT","BAT-TH-158 vA62-3 à compter du 01-01-2025 : Pompe à chaleur réversible de type air/air PDF – 168.42 Ko","Tertiaire_BAT/BAT-TH-158 vA62-3 à compter du 01-01-2025_1.pdf","https://www.ecologie.gouv.fr/sites/default/files/documents/BAT-TH-158%20vA62-3%20%C3%A0%20compter%20du%2001-01-2025_1.pdf"
"Tertiaire_BAT","BAT-TH-158 vA62-3 à compter du 01-01-2025 - Partie A PDF – 130.5 Ko","Tertiaire_BAT/BAT-TH-158 vA62-3 à compter du 01-01-2025 - Partie A.pdf","https://www.ecologie.gouv.fr/sites/default/files/documents/BAT-TH-158%20vA62-3%20%C3%A0%20compter%20du%2001-01-2025%20-%20Partie%20A.pdf"
"Tertiaire_BAT","BAT-TH-158 vA62-3 à compter du 01-01-2025 - Partie A à compter du 01-07-2026 PDF – 135.79 Ko","Tertiaire_BAT/BAT-TH-158 vA62-3 à compter du 01-01-2025 - Partie A à compter du 01-07-2026.pdf","https://www.ecologie.gouv.fr/sites/default/files/documents/BAT-TH-158%20vA62-3%20%C3%A0%20compter%20du%2001-01-2025%20-%20Partie%20A%20%C3%A0%20compter%20du%2001-07-2026.pdf"
"Tertiaire_BAT","BAT-TH-159 vA40-1 à compter du 29-12-2021 : Raccordement d’un bâtiment tertiaire à un réseau de froid PDF – 127.36 Ko","Tertiaire_BAT/BAT-TH-159 vA40-1 à compter du 29-12-2021_1.pdf","https://www.ecologie.gouv.fr/sites/default/files/documents/BAT-TH-159%20vA40-1%20%C3%A0%20compter%20du%2029-12-2021_1.pdf"
"Tertiaire_BAT","BAT-TH-159 vA40-1 à compter du 29-12-2021 - Parties A, B, C et D PDF – 134.13 Ko","Tertiaire_BAT/BAT-TH-159 vA40-1 à compter du 29-12-2021 - Parties A, B, C et D.pdf","https://www.ecologie.gouv.fr/sites/default/files/documents/BAT-TH-159%20vA40-1%20%C3%A0%20compter%20du%2029-12-2021%20-%20Parties%20A%2C%20B%2C%20C%20et%20D.pdf"
"Tertiaire_BAT","BAT-TH-159 vA40-1 à compter du 29-12-2021 - Partie A à compter du 01-07-2026 - Parties B, C et D PDF – 135.66 Ko","Tertiaire_BAT/BAT-TH-159 vA40-1 à compter du 29-12-2021 - Partie A à compter du 01-07-2026 - Parties B, C et D.pdf","https://www.ecologie.gouv.fr/sites/default/files/documents/BAT-TH-159%20vA40-1%20%C3%A0%20compter%20du%2029-12-2021%20-%20Partie%20A%20%C3%A0%20compter%20du%2001-07-2026%20-%20Parties%20B%2C%20C%20et%20D.pdf"
"Tertiaire_BAT","BAT-TH-161 vA62-1 à compter du 31-08-2024 : Maintien en température des groupes électrogènes de secours par pompe à chaleur de type air/eau PDF – 159.29 Ko","Tertiaire_BAT/BAT-TH-161 vA62-1 à compter du 31-08-2024_1.pdf","https://www.ecologie.gouv.fr/sites/default/files/documents/BAT-TH-161%20vA62-1%20%C3%A0%20compter%20du%2031-08-2024_1.pdf"
"Tertiaire_BAT","BAT-TH-161 vA62-1 à compter du 31-08-2024 - Partie A PDF – 136.52 Ko","Tertiaire_BAT/BAT-TH-161 vA62-1 à compter du 31-08-2024 - Partie A.pdf","https://www.ecologie.gouv.fr/sites/default/files/documents/BAT-TH-161%20vA62-1%20%C3%A0%20compter%20du%2031-08-2024%20-%20Partie%20A.pdf"
"Tertiaire_BAT","BAT-TH-161 vA62-1 à compter du 31-08-2024 - Partie A à compter du 01-07-2026 PDF – 141.73 Ko","Tertiaire_BAT/BAT-TH-161 vA62-1 à compter du 31-08-2024 - Partie A à compter du 01-07-2026.pdf","https://www.ecologie.gouv.fr/sites/default/files/documents/BAT-TH-161%20vA62-1%20%C3%A0%20compter%20du%2031-08-2024%20-%20Partie%20A%20%C3%A0%20compter%20du%2001-07-2026.pdf"
"Tertiaire_BAT","BAT-TH-162 vA81-2 à compter du 30-04-2026 : Système géothermique PDF – 221.85 Ko","Tertiaire_BAT/BAT-TH-162 vA81-2 à compter du 30-04-2026.pdf","https://www.ecologie.gouv.fr/sites/default/files/documents/BAT-TH-162%20vA81-2%20%C3%A0%20compter%20du%2030-04-2026.pdf"
"Tertiaire_BAT","BAT-TH-162 vA81-2 à compter du 30-04-2026 - Partie A PDF – 159.87 Ko","Tertiaire_BAT/BAT-TH-162 vA81-2 à compter du 30-04-2026 - Partie A.pdf","https://www.ecologie.gouv.fr/sites/default/files/documents/BAT-TH-162%20vA81-2%20%C3%A0%20compter%20du%2030-04-2026%20-%20Partie%20A.pdf"
"Tertiaire_BAT","BAT-TH-162 vA81-2 à compter du 30-04-2026 - Partie A à compter du 01-07-2026 PDF – 161.96 Ko","Tertiaire_BAT/BAT-TH-162 vA81-2 à compter du 30-04-2026 - Partie A à compter du 01-07-2026.pdf","https://www.ecologie.gouv.fr/sites/default/files/documents/BAT-TH-162%20vA81-2%20%C3%A0%20compter%20du%2030-04-2026%20-%20Partie%20A%20%C3%A0%20compter%20du%2001-07-2026.pdf"
"Tertiaire_BAT","BAT-TH-163 vA81-2 à compter du 30-04-2026 : Pompe à chaleur collective de type air/eau PDF – 141.35 Ko","Tertiaire_BAT/BAT-TH-163 vA81-2 à compter du 30-04-2026.pdf","https://www.ecologie.gouv.fr/sites/default/files/documents/BAT-TH-163%20vA81-2%20%C3%A0%20compter%20du%2030-04-2026.pdf"
"Tertiaire_BAT","BAT-TH-163 vA81-2 à compter du 30-04-2026 - Partie A PDF – 112.17 Ko","Tertiaire_BAT/BAT-TH-163 vA81-2 à compter du 30-04-2026 - Partie A.pdf","https://www.ecologie.gouv.fr/sites/default/files/documents/BAT-TH-163%20vA81-2%20%C3%A0%20compter%20du%2030-04-2026%20-%20Partie%20A.pdf"
"Tertiaire_BAT","BAT-TH-163 vA81-2 à compter du 30-04-2026 - Partie A à compter du 01-07-2026 PDF – 115.9 Ko","Tertiaire_BAT/BAT-TH-163 vA81-2 à compter du 30-04-2026 - Partie A à compter du 01-07-2026.pdf","https://www.ecologie.gouv.fr/sites/default/files/documents/BAT-TH-163%20vA81-2%20%C3%A0%20compter%20du%2030-04-2026%20-%20Partie%20A%20%C3%A0%20compter%20du%2001-07-2026.pdf"
"Tertiaire_BAT","BAT-TH-164 vA81-2 à compter du 30-04-2026 : Pompe à chaleur collective de type eau/eau ou eau glycolée/eau PDF – 146.35 Ko","Tertiaire_BAT/BAT-TH-164 vA81-2 à compter du 30-04-2026.pdf","https://www.ecologie.gouv.fr/sites/default/files/documents/BAT-TH-164%20vA81-2%20%C3%A0%20compter%20du%2030-04-2026.pdf"
"Tertiaire_BAT","BAT-TH-164 vA81-2 à compter du 30-04-2026 - Partie A PDF – 181.06 Ko","Tertiaire_BAT/BAT-TH-164 vA81-2 à compter du 30-04-2026 - Partie A.pdf","https://www.ecologie.gouv.fr/sites/default/files/documents/BAT-TH-164%20vA81-2%20%C3%A0%20compter%20du%2030-04-2026%20-%20Partie%20A.pdf"
"Tertiaire_BAT","BAT-TH-164 vA81-2 à compter du 30-04-2026 - Partie A à compter du 01-07-2026 PDF – 184.04 Ko","Tertiaire_BAT/BAT-TH-164 vA81-2 à compter du 30-04-2026 - Partie A à compter du 01-07-2026.pdf","https://www.ecologie.gouv.fr/sites/default/files/documents/BAT-TH-164%20vA81-2%20%C3%A0%20compter%20du%2030-04-2026%20-%20Partie%20A%20%C3%A0%20compter%20du%2001-07-2026.pdf"
"Industrie_IND","IND-BA-110 vA71-4 à compter du 01-08-2025 : Déstratificateur ou brasseur d'air PDF – 130.22 Ko","Industrie_IND/IND-BA-110 vA71-4 à compter du 01-08-2025.pdf","https://www.ecologie.gouv.fr/sites/default/files/documents/IND-BA-110%20vA71-4%20%C3%A0%20compter%20du%2001-08-2025.pdf"
"Industrie_IND","IND-BA-110 vA71-4 à compter du 01-08-2025 - Partie A PDF – 110.28 Ko","Industrie_IND/IND-BA-110 vA71-4 à compter du 01-08-2025 - Partie A.pdf","https://www.ecologie.gouv.fr/sites/default/files/documents/IND-BA-110%20vA71-4%20%C3%A0%20compter%20du%2001-08-2025%20-%20Partie%20A.pdf"
"Industrie_IND","IND-BA-110 vA71-4 à compter du 01-08-2025 - Partie A à compter du 01-07-2026 PDF – 113.48 Ko","Industrie_IND/IND-BA-110 vA71-4 à compter du 01-08-2025 - Partie A à compter du 01-07-2026.pdf","https://www.ecologie.gouv.fr/sites/default/files/documents/IND-BA-110%20vA71-4%20%C3%A0%20compter%20du%2001-08-2025%20-%20Partie%20A%20%C3%A0%20compter%20du%2001-07-2026.pdf"
"Industrie_IND","IND-BA-113 vA26-1 : Lanterneaux d’éclairage zénithal (France Métropolitaine) PDF – 120.51 Ko","Industrie_IND/IND-BA-113 vA26-1.pdf","https://www.ecologie.gouv.fr/sites/default/files/documents/IND-BA-113%20vA26-1.pdf"
"Industrie_IND","IND-BA-113 vA26-1 - Partie A PDF – 113.77 Ko","Industrie_IND/IND-BA-113 vA26-1 - Partie A.pdf","https://www.ecologie.gouv.fr/sites/default/files/documents/IND-BA-113%20vA26-1%20-%20Partie%20A.pdf"
"Industrie_IND","IND-BA-113 vA26-1 - Partie A à compter du 01-07-2026 PDF – 118.54 Ko","Industrie_IND/IND-BA-113 vA26-1 - Partie A à compter du 01-07-2026.pdf","https://www.ecologie.gouv.fr/sites/default/files/documents/IND-BA-113%20vA26-1%20-%20Partie%20A%20%C3%A0%20compter%20du%2001-07-2026.pdf"
"Industrie_IND","IND-BA-114 vA15-1 : Conduits de lumière naturelle PDF – 110.31 Ko","Industrie_IND/IND-BA-114 vA15-1.pdf","https://www.ecologie.gouv.fr/sites/default/files/documents/IND-BA-114%20vA15-1.pdf"
"Industrie_IND","IND-BA-114 vA15-1 - Partie A PDF – 103.7 Ko","Industrie_IND/IND-BA-114 vA15-1 - Partie A.pdf","https://www.ecologie.gouv.fr/sites/default/files/documents/IND-BA-114%20vA15-1%20-%20Partie%20A.pdf"
"Industrie_IND","IND-BA-114 vA15-1 - Partie A à compter du 01-07-2026 PDF – 108.47 Ko","Industrie_IND/IND-BA-114 vA15-1 - Partie A à compter du 01-07-2026.pdf","https://www.ecologie.gouv.fr/sites/default/files/documents/IND-BA-114%20vA15-1%20-%20Partie%20A%20%C3%A0%20compter%20du%2001-07-2026.pdf"
"Industrie_IND","IND-BA-117 vA27-1 : Chauffage décentralisé performant PDF – 128.56 Ko","Industrie_IND/IND-BA-117 vA27-1.pdf","https://www.ecologie.gouv.fr/sites/default/files/documents/IND-BA-117%20vA27-1.pdf"
"Industrie_IND","IND-BA-117 vA27-1 - Partie A PDF – 110.93 Ko","Industrie_IND/IND-BA-117 vA27-1 - Partie A.pdf","https://www.ecologie.gouv.fr/sites/default/files/documents/IND-BA-117%20vA27-1%20-%20Partie%20A.pdf"
"Industrie_IND","IND-BA-117 vA27-1 - Partie A à compter du 01-07-2026 PDF – 116.07 Ko","Industrie_IND/IND-BA-117 vA27-1 - Partie A à compter du 01-07-2026.pdf","https://www.ecologie.gouv.fr/sites/default/files/documents/IND-BA-117%20vA27-1%20-%20Partie%20A%20%C3%A0%20compter%20du%2001-07-2026.pdf"
"Industrie_IND","IND-EN-101 vA23-1 : Isolation des murs (France d’outre-mer) PDF – 107.6 Ko","Industrie_IND/IND-EN-101 vA23-1.pdf","https://www.ecologie.gouv.fr/sites/default/files/documents/IND-EN-101%20vA23-1.pdf"
"Industrie_IND","IND-EN-101 vA23-1 - Partie A PDF – 101.04 Ko","Industrie_IND/IND-EN-101 vA23-1 - Partie A.pdf","https://www.ecologie.gouv.fr/sites/default/files/documents/IND-EN-101%20vA23-1%20-%20Partie%20A.pdf"
"Industrie_IND","IND-EN-101 vA23-1 - Partie A à compter du 01-07-2026 PDF – 104.84 Ko","Industrie_IND/IND-EN-101 vA23-1 - Partie A à compter du 01-07-2026.pdf","https://www.ecologie.gouv.fr/sites/default/files/documents/IND-EN-101%20vA23-1%20-%20Partie%20A%20%C3%A0%20compter%20du%2001-07-2026.pdf"
"Industrie_IND","IND-EN-102 vA64-3 à compter du 01-01-2025 : Isolation de combles ou de toitures (France d’outre-mer) PDF – 118.43 Ko","Industrie_IND/IND-EN-102 vA64-3 à compter du 01-01-2025_0.pdf","https://www.ecologie.gouv.fr/sites/default/files/documents/IND-EN-102%20vA64-3%20%C3%A0%20compter%20du%2001-01-2025_0.pdf"
"Industrie_IND","IND-EN-102 vA64-3 à compter du 01-01-2025 - Partie A PDF – 111.51 Ko","Industrie_IND/IND-EN-102 vA64-3 à compter du 01-01-2025 - Partie A.pdf","https://www.ecologie.gouv.fr/sites/default/files/documents/IND-EN-102%20vA64-3%20%C3%A0%20compter%20du%2001-01-2025%20-%20Partie%20A.pdf"
"Industrie_IND","IND-EN-102 vA64-3 à compter du 01-01-2025 - Partie A à compter du 01-07-2026 PDF – 115.08 Ko","Industrie_IND/IND-EN-102 vA64-3 à compter du 01-01-2025 - Partie A à compter du 01-07-2026.pdf","https://www.ecologie.gouv.fr/sites/default/files/documents/IND-EN-102%20vA64-3%20%C3%A0%20compter%20du%2001-01-2025%20-%20Partie%20A%20%C3%A0%20compter%20du%2001-07-2026.pdf"
"Industrie_IND","IND-UT-102 vA19-2 : Système de variation électronique de vitesse sur un moteur asynchrone PDF – 112.56 Ko","Industrie_IND/IND-UT-102 vA19-2_0.pdf","https://www.ecologie.gouv.fr/sites/default/files/documents/IND-UT-102%20vA19-2_0.pdf"
"Industrie_IND","IND-UT-102 vA19-2 - Partie A PDF – 118.68 Ko","Industrie_IND/IND-UT-102 vA19-2 - Partie A_0.pdf","https://www.ecologie.gouv.fr/sites/default/files/documents/IND-UT-102%20vA19-2%20-%20Partie%20A_0.pdf"
"Industrie_IND","IND-UT-102 vA19-2 - Partie A à compter du 01-07-2026 PDF – 124.99 Ko","Industrie_IND/IND-UT-102 vA19-2 - Partie A à compter du 01-07-2026_0.pdf","https://www.ecologie.gouv.fr/sites/default/files/documents/IND-UT-102%20vA19-2%20-%20Partie%20A%20%C3%A0%20compter%20du%2001-07-2026_0.pdf"
"Industrie_IND","IND-UT-103 vA17-2 : Système de récupération de chaleur sur un compresseur d’air PDF – 119.51 Ko","Industrie_IND/IND-UT-103 vA17-2.pdf","https://www.ecologie.gouv.fr/sites/default/files/documents/IND-UT-103%20vA17-2.pdf"
"Industrie_IND","IND-UT-103 vA17-2 - Partie A PDF – 107.32 Ko","Industrie_IND/IND-UT-103 vA17-2 - Partie A.pdf","https://www.ecologie.gouv.fr/sites/default/files/documents/IND-UT-103%20vA17-2%20-%20Partie%20A.pdf"
"Industrie_IND","IND-UT-103 vA17-2 - Partie A à compter du 01-07-2026 PDF – 112.42 Ko","Industrie_IND/IND-UT-103 vA17-2 - Partie A à compter du 01-07-2026.pdf","https://www.ecologie.gouv.fr/sites/default/files/documents/IND-UT-103%20vA17-2%20-%20Partie%20A%20%C3%A0%20compter%20du%2001-07-2026.pdf"
"Industrie_IND","IND-UT-104 vA14-1 : Économiseur sur les effluents gazeux d’une chaudière de production de vapeur PDF – 111.68 Ko","Industrie_IND/IND-UT-104 vA14-1.pdf","https://www.ecologie.gouv.fr/sites/default/files/documents/IND-UT-104%20vA14-1.pdf"
"Industrie_IND","IND-UT-104 vA14-1 - Partie A PDF – 111.37 Ko","Industrie_IND/IND-UT-104 vA14-1 - Partie A.pdf","https://www.ecologie.gouv.fr/sites/default/files/documents/IND-UT-104%20vA14-1%20-%20Partie%20A.pdf"
"Industrie_IND","IND-UT-104 vA14-1 - Partie A à compter du 01-07-2026 PDF – 116.63 Ko","Industrie_IND/IND-UT-104 vA14-1 - Partie A à compter du 01-07-2026.pdf","https://www.ecologie.gouv.fr/sites/default/files/documents/IND-UT-104%20vA14-1%20-%20Partie%20A%20%C3%A0%20compter%20du%2001-07-2026.pdf"
"Industrie_IND","IND-UT-105 vA14-1 : Brûleur micromodulant sur chaudière industrielle PDF – 143.24 Ko","Industrie_IND/IND-UT-105 vA14-1.pdf","https://www.ecologie.gouv.fr/sites/default/files/documents/IND-UT-105%20vA14-1.pdf"
"Industrie_IND","IND-UT-105 vA14-1 - Partie A PDF – 113.04 Ko","Industrie_IND/IND-UT-105 vA14-1 - Partie A.pdf","https://www.ecologie.gouv.fr/sites/default/files/documents/IND-UT-105%20vA14-1%20-%20Partie%20A.pdf"
"Industrie_IND","IND-UT-105 vA14-1 - Partie A à compter du 01-07-2026 PDF – 118.56 Ko","Industrie_IND/IND-UT-105 vA14-1 - Partie A à compter du 01-07-2026.pdf","https://www.ecologie.gouv.fr/sites/default/files/documents/IND-UT-105%20vA14-1%20-%20Partie%20A%20%C3%A0%20compter%20du%2001-07-2026.pdf"
"Industrie_IND","IND-UT-113 vA14-1 : Système de condensation frigorifique à haute efficacité PDF – 161.74 Ko","Industrie_IND/IND-UT-113 vA14-1.pdf","https://www.ecologie.gouv.fr/sites/default/files/documents/IND-UT-113%20vA14-1.pdf"
"Industrie_IND","IND-UT-113 vA14-1 - Partie A PDF – 113.91 Ko","Industrie_IND/IND-UT-113 vA14-1 - Partie A.pdf","https://www.ecologie.gouv.fr/sites/default/files/documents/IND-UT-113%20vA14-1%20-%20Partie%20A.pdf"
"Industrie_IND","IND-UT-113 vA14-1 - Partie A à compter du 01-07-2026 PDF – 118.2 Ko","Industrie_IND/IND-UT-113 vA14-1 - Partie A à compter du 01-07-2026.pdf","https://www.ecologie.gouv.fr/sites/default/files/documents/IND-UT-113%20vA14-1%20-%20Partie%20A%20%C3%A0%20compter%20du%2001-07-2026.pdf"
"Industrie_IND","IND-UT-114 v A24-2 après le 01-04-2017 : Moto-variateur synchrone à aimants permanents ou à reluctance PDF – 113.07 Ko","Industrie_IND/IND-UT-114 v A24-2 après le 01-04-2017_0.pdf","https://www.ecologie.gouv.fr/sites/default/files/documents/IND-UT-114%20v%20A24-2%20apr%C3%A8s%20le%2001-04-2017_0.pdf"
"Industrie_IND","IND-UT-114 v A24-2 après le 01-04-2017 - Partie A PDF – 111.59 Ko","Industrie_IND/IND-UT-114 v A24-2 après le 01-04-2017 - Partie A.pdf","https://www.ecologie.gouv.fr/sites/default/files/documents/IND-UT-114%20v%20A24-2%20apr%C3%A8s%20le%2001-04-2017%20-%20Partie%20A.pdf"
"Industrie_IND","IND-UT-114 v A24-2 après le 01-04-2017 - Partie A à compter du 01-07-2026 PDF – 117.5 Ko","Industrie_IND/IND-UT-114 v A24-2 après le 01-04-2017 - Partie A à compter du 01-07-2026.pdf","https://www.ecologie.gouv.fr/sites/default/files/documents/IND-UT-114%20v%20A24-2%20apr%C3%A8s%20le%2001-04-2017%20-%20Partie%20A%20%C3%A0%20compter%20du%2001-07-2026.pdf"
"Industrie_IND","IND-UT-115 v A15-1 : Système de régulation sur un groupe de production de froid permettant d’avoir une basse pression flottante PDF – 99.85 Ko","Industrie_IND/IND-UT-115 v A15-1.pdf","https://www.ecologie.gouv.fr/sites/default/files/documents/IND-UT-115%20v%20A15-1.pdf"
"Industrie_IND","IND-UT-115 v A15-1 - Partie A PDF – 99.93 Ko","Industrie_IND/IND-UT-115 v A15-1 - Partie A.pdf","https://www.ecologie.gouv.fr/sites/default/files/documents/IND-UT-115%20v%20A15-1%20-%20Partie%20A.pdf"
"Industrie_IND","IND-UT-115 v A15-1 - Partie A à compter du 01-07-2026 PDF – 105.63 Ko","Industrie_IND/IND-UT-115 v A15-1 - Partie A à compter du 01-07-2026.pdf","https://www.ecologie.gouv.fr/sites/default/files/documents/IND-UT-115%20v%20A15-1%20-%20Partie%20A%20%C3%A0%20compter%20du%2001-07-2026.pdf"
"Industrie_IND","IND-UT-116 vA14-1 : Système de régulation sur un groupe de production de froid permettant d’avoir une haute pression flottante PDF – 138.09 Ko","Industrie_IND/IND-UT-116 vA14-1.pdf","https://www.ecologie.gouv.fr/sites/default/files/documents/IND-UT-116%20vA14-1.pdf"
"Industrie_IND","IND-UT-116 vA14-1 - Partie A PDF – 104.23 Ko","Industrie_IND/IND-UT-116 vA14-1 - Partie A.pdf","https://www.ecologie.gouv.fr/sites/default/files/documents/IND-UT-116%20vA14-1%20-%20Partie%20A.pdf"
"Industrie_IND","IND-UT-116 vA14-1 - Partie A à compter du 01-07-2026 PDF – 108.4 Ko","Industrie_IND/IND-UT-116 vA14-1 - Partie A à compter du 01-07-2026.pdf","https://www.ecologie.gouv.fr/sites/default/files/documents/IND-UT-116%20vA14-1%20-%20Partie%20A%20%C3%A0%20compter%20du%2001-07-2026.pdf"
"Industrie_IND","IND-UT-118 v A14-1 : Brûleur avec dispositif de récupération de chaleur sur un four industriel PDF – 126.31 Ko","Industrie_IND/IND-UT-118 v A14-1.pdf","https://www.ecologie.gouv.fr/sites/default/files/documents/IND-UT-118%20v%20A14-1.pdf"
"Industrie_IND","IND-UT-118 v A14-1 - Partie A PDF – 113.49 Ko","Industrie_IND/IND-UT-118 v A14-1 - Partie A.pdf","https://www.ecologie.gouv.fr/sites/default/files/documents/IND-UT-118%20v%20A14-1%20-%20Partie%20A.pdf"
"Industrie_IND","IND-UT-118 v A14-1 - Partie A à compter du 01-07-2026 PDF – 119.76 Ko","Industrie_IND/IND-UT-118 v A14-1 - Partie A à compter du 01-07-2026.pdf","https://www.ecologie.gouv.fr/sites/default/files/documents/IND-UT-118%20v%20A14-1%20-%20Partie%20A%20%C3%A0%20compter%20du%2001-07-2026.pdf"
"Industrie_IND","IND-UT-120 v A14-1 : Compresseur d’air basse pression à vis ou centrifuge PDF – 101.92 Ko","Industrie_IND/IND-UT-120 v A14-1.pdf","https://www.ecologie.gouv.fr/sites/default/files/documents/IND-UT-120%20v%20A14-1.pdf"
"Industrie_IND","IND-UT-120 v A14-1 - Partie A PDF – 106.89 Ko","Industrie_IND/IND-UT-120 v A14-1 - Partie A.pdf","https://www.ecologie.gouv.fr/sites/default/files/documents/IND-UT-120%20v%20A14-1%20-%20Partie%20A.pdf"
"Industrie_IND","IND-UT-120 v A14-1 - Partie A à compter du 01-07-2026 PDF – 112.35 Ko","Industrie_IND/IND-UT-120 v A14-1 - Partie A à compter du 01-07-2026.pdf","https://www.ecologie.gouv.fr/sites/default/files/documents/IND-UT-120%20v%20A14-1%20-%20Partie%20A%20%C3%A0%20compter%20du%2001-07-2026.pdf"
"Industrie_IND","IND-UT-122 v A14-1 : Sécheur d'air comprimé à adsorption utilisant un apport calorifique pour sa régénération PDF – 107.91 Ko","Industrie_IND/IND-UT-122 v A14-1.pdf","https://www.ecologie.gouv.fr/sites/default/files/documents/IND-UT-122%20v%20A14-1.pdf"
"Industrie_IND","IND-UT-122 v A14-1 - Partie A PDF – 106.88 Ko","Industrie_IND/IND-UT-122 v A14-1 - Partie A.pdf","https://www.ecologie.gouv.fr/sites/default/files/documents/IND-UT-122%20v%20A14-1%20-%20Partie%20A.pdf"
"Industrie_IND","IND-UT-122 v A14-1 - Partie A à compter du 01-07-2026 PDF – 111.66 Ko","Industrie_IND/IND-UT-122 v A14-1 - Partie A à compter du 01-07-2026.pdf","https://www.ecologie.gouv.fr/sites/default/files/documents/IND-UT-122%20v%20A14-1%20-%20Partie%20A%20%C3%A0%20compter%20du%2001-07-2026.pdf"
"Industrie_IND","IND-UT-124 v A14-1 : Séquenceur électronique pour le pilotage d’une centrale de production d’air comprimé PDF – 111.7 Ko","Industrie_IND/IND-UT-124 v A14-1.pdf","https://www.ecologie.gouv.fr/sites/default/files/documents/IND-UT-124%20v%20A14-1.pdf"
"Industrie_IND","IND-UT-124 v A14-1 - Partie A PDF – 108.84 Ko","Industrie_IND/IND-UT-124 v A14-1 - Partie A.pdf","https://www.ecologie.gouv.fr/sites/default/files/documents/IND-UT-124%20v%20A14-1%20-%20Partie%20A.pdf"
"Industrie_IND","IND-UT-124 v A14-1 - Partie A à compter du 01-07-2026 PDF – 114.64 Ko","Industrie_IND/IND-UT-124 v A14-1 - Partie A à compter du 01-07-2026.pdf","https://www.ecologie.gouv.fr/sites/default/files/documents/IND-UT-124%20v%20A14-1%20-%20Partie%20A%20%C3%A0%20compter%20du%2001-07-2026.pdf"
"Industrie_IND","IND-UT-125 v A14-1 : Traitement d’eau performant sur chaudière de production de vapeur PDF – 150.62 Ko","Industrie_IND/IND-UT-125 v A14-1.pdf","https://www.ecologie.gouv.fr/sites/default/files/documents/IND-UT-125%20v%20A14-1.pdf"
"Industrie_IND","IND-UT-125 v A14-1 - Partie A PDF – 113.71 Ko","Industrie_IND/IND-UT-125 v A14-1 - Partie A.pdf","https://www.ecologie.gouv.fr/sites/default/files/documents/IND-UT-125%20v%20A14-1%20-%20Partie%20A.pdf"
"Industrie_IND","IND-UT-125 v A14-1 - Partie A à compter du 01-07-2026 PDF – 116.4 Ko","Industrie_IND/IND-UT-125 v A14-1 - Partie A à compter du 01-07-2026.pdf","https://www.ecologie.gouv.fr/sites/default/files/documents/IND-UT-125%20v%20A14-1%20-%20Partie%20A%20%C3%A0%20compter%20du%2001-07-2026.pdf"
"Industrie_IND","IND-UT-127 v A25-2 après le 01-04-2017 : Système de transmission performant PDF – 109.65 Ko","Industrie_IND/IND-UT-127 v A25-2 après le 01-04-2017_0.pdf","https://www.ecologie.gouv.fr/sites/default/files/documents/IND-UT-127%20v%20A25-2%20apr%C3%A8s%20le%2001-04-2017_0.pdf"
"Industrie_IND","IND-UT-127 v A25-2 après le 01-04-2017 - Partie A PDF – 105.5 Ko","Industrie_IND/IND-UT-127 v A25-2 après le 01-04-2017 - Partie A.pdf","https://www.ecologie.gouv.fr/sites/default/files/documents/IND-UT-127%20v%20A25-2%20apr%C3%A8s%20le%2001-04-2017%20-%20Partie%20A.pdf"
"Industrie_IND","IND-UT-127 v A25-2 après le 01-04-2017 - Partie A à compter du 01-07-2026 PDF – 110.53 Ko","Industrie_IND/IND-UT-127 v A25-2 après le 01-04-2017 - Partie A à compter du 01-07-2026.pdf","https://www.ecologie.gouv.fr/sites/default/files/documents/IND-UT-127%20v%20A25-2%20apr%C3%A8s%20le%2001-04-2017%20-%20Partie%20A%20%C3%A0%20compter%20du%2001-07-2026.pdf"
"Industrie_IND","IND-UT-129 v A32-3 : Presse à injecter tout électrique ou hybride PDF – 126.44 Ko","Industrie_IND/IND-UT-129 v A32-3.pdf","https://www.ecologie.gouv.fr/sites/default/files/documents/IND-UT-129%20v%20A32-3.pdf"
"Industrie_IND","IND-UT-129 v A32-3 - Partie A PDF – 111.27 Ko","Industrie_IND/IND-UT-129 v A32-3 - Partie A_0.pdf","https://www.ecologie.gouv.fr/sites/default/files/documents/IND-UT-129%20v%20A32-3%20-%20Partie%20A_0.pdf"
"Industrie_IND","IND-UT-129 v A32-3 - Partie A à compter du 01-07-2026 PDF – 114.91 Ko","Industrie_IND/IND-UT-129 v A32-3 - Partie A à compter du 01-07-2026.pdf","https://www.ecologie.gouv.fr/sites/default/files/documents/IND-UT-129%20v%20A32-3%20-%20Partie%20A%20%C3%A0%20compter%20du%2001-07-2026.pdf"
"Industrie_IND","IND-UT-130 v A19-1 : Condenseur sur les effluents gazeux d’une chaudière de production de vapeur PDF – 112.42 Ko","Industrie_IND/IND-UT-130 v A19-1.pdf","https://www.ecologie.gouv.fr/sites/default/files/documents/IND-UT-130%20v%20A19-1.pdf"
"Industrie_IND","IND-UT-130 v A19-1 - Partie A PDF – 115.61 Ko","Industrie_IND/IND-UT-130 v A19-1 - Partie A.pdf","https://www.ecologie.gouv.fr/sites/default/files/documents/IND-UT-130%20v%20A19-1%20-%20Partie%20A.pdf"
"Industrie_IND","IND-UT-130 v A19-1 - Partie A à compter du 01-07-2026 PDF – 122.07 Ko","Industrie_IND/IND-UT-130 v A19-1 - Partie A à compter du 01-07-2026.pdf","https://www.ecologie.gouv.fr/sites/default/files/documents/IND-UT-130%20v%20A19-1%20-%20Partie%20A%20%C3%A0%20compter%20du%2001-07-2026.pdf"
"Industrie_IND","IND-UT-131 vA37-2 à compter du 01-04-2021 : Isolation thermique des parois planes ou cylindriques sur des installations industrielles (France métropolitaine) PDF – 142.01 Ko","Industrie_IND/IND-UT-131 vA37-2 à compter du 01-04-2021_0.pdf","https://www.ecologie.gouv.fr/sites/default/files/documents/IND-UT-131%20vA37-2%20%C3%A0%20compter%20du%2001-04-2021_0.pdf"
"Industrie_IND","IND-UT-131 vA37-2 à compter du 01-04-2021 - Partie A PDF – 178.02 Ko","Industrie_IND/IND-UT-131 vA37-2 à compter du 01-04-2021 - Partie A.pdf","https://www.ecologie.gouv.fr/sites/default/files/documents/IND-UT-131%20vA37-2%20%C3%A0%20compter%20du%2001-04-2021%20-%20Partie%20A.pdf"
"Industrie_IND","IND-UT-131 vA37-2 à compter du 01-04-2021 - Partie A à compter du 01-07-2026 PDF – 183.28 Ko","Industrie_IND/IND-UT-131 vA37-2 à compter du 01-04-2021 - Partie A à compter du 01-07-2026.pdf","https://www.ecologie.gouv.fr/sites/default/files/documents/IND-UT-131%20vA37-2%20%C3%A0%20compter%20du%2001-04-2021%20-%20Partie%20A%20%C3%A0%20compter%20du%2001-07-2026.pdf"
"Industrie_IND","IND-UT-132 vA26-1 : Moteur asynchrone de classe IE4 PDF – 116.39 Ko","Industrie_IND/IND-UT-132 vA26-1.pdf","https://www.ecologie.gouv.fr/sites/default/files/documents/IND-UT-132%20vA26-1.pdf"
"Industrie_IND","IND-UT-132 vA26-1 - Partie A PDF – 115 Ko","Industrie_IND/IND-UT-132 vA26-1 - Partie A.pdf","https://www.ecologie.gouv.fr/sites/default/files/documents/IND-UT-132%20vA26-1%20-%20Partie%20A.pdf"
"Industrie_IND","IND-UT-132 vA26-1 - Partie A à compter du 01-07-2026 PDF – 121.05 Ko","Industrie_IND/IND-UT-132 vA26-1 - Partie A à compter du 01-07-2026.pdf","https://www.ecologie.gouv.fr/sites/default/files/documents/IND-UT-132%20vA26-1%20-%20Partie%20A%20%C3%A0%20compter%20du%2001-07-2026.pdf"
"Industrie_IND","IND-UT-133 vA28-1 : Système électronique de pilotage d’un moteur électrique avec récupération d’énergie PDF – 124.28 Ko","Industrie_IND/IND-UT-133 vA28-1.pdf","https://www.ecologie.gouv.fr/sites/default/files/documents/IND-UT-133%20vA28-1.pdf"
"Industrie_IND","IND-UT-133 vA28-1 - Partie A PDF – 120.19 Ko","Industrie_IND/IND-UT-133 vA28-1 - Partie A.pdf","https://www.ecologie.gouv.fr/sites/default/files/documents/IND-UT-133%20vA28-1%20-%20Partie%20A.pdf"
"Industrie_IND","IND-UT-133 vA28-1 - Partie A à compter du 01-07-2026 PDF – 125.07 Ko","Industrie_IND/IND-UT-133 vA28-1 - Partie A à compter du 01-07-2026.pdf","https://www.ecologie.gouv.fr/sites/default/files/documents/IND-UT-133%20vA28-1%20-%20Partie%20A%20%C3%A0%20compter%20du%2001-07-2026.pdf"
"Industrie_IND","IND-UT-134 v A35-2 à compter du 01-10-2020 : Système de mesurage d’indicateurs de performance énergétique PDF – 153.63 Ko","Industrie_IND/IND-UT-134 v A35-2 à compter du 01-10-2020_0.pdf","https://www.ecologie.gouv.fr/sites/default/files/documents/IND-UT-134%20v%20A35-2%20%C3%A0%20compter%20du%2001-10-2020_0.pdf"
"Industrie_IND","IND-UT-134 v A35-2 à compter du 01-10-2020 - Partie A PDF – 126.63 Ko","Industrie_IND/IND-UT-134 v A35-2 à compter du 01-10-2020 - Partie A.pdf","https://www.ecologie.gouv.fr/sites/default/files/documents/IND-UT-134%20v%20A35-2%20%C3%A0%20compter%20du%2001-10-2020%20-%20Partie%20A.pdf"
"Industrie_IND","IND-UT-134 v A35-2 à compter du 01-10-2020 - Partie A à compter du 01-07-2026 PDF – 130.31 Ko","Industrie_IND/IND-UT-134 v A35-2 à compter du 01-10-2020 - Partie A à compter du 01-07-2026.pdf","https://www.ecologie.gouv.fr/sites/default/files/documents/IND-UT-134%20v%20A35-2%20%C3%A0%20compter%20du%2001-10-2020%20-%20Partie%20A%20%C3%A0%20compter%20du%2001-07-2026.pdf"
"Industrie_IND","IND-UT-135 v A31-1 : Freecooling par eau de refroidissement en substitution d'un groupe froid PDF – 131.76 Ko","Industrie_IND/IND-UT-135 v A31-1.pdf","https://www.ecologie.gouv.fr/sites/default/files/documents/IND-UT-135%20v%20A31-1.pdf"
"Industrie_IND","IND-UT-135 v A31-1 - Partie A PDF – 122.48 Ko","Industrie_IND/IND-UT-135 v A31-1 - Partie A.pdf","https://www.ecologie.gouv.fr/sites/default/files/documents/IND-UT-135%20v%20A31-1%20-%20Partie%20A.pdf"
"Industrie_IND","IND-UT-135 v A31-1 - Partie A à compter du 01-07-2026 PDF – 126.27 Ko","Industrie_IND/IND-UT-135 v A31-1 - Partie A à compter du 01-07-2026.pdf","https://www.ecologie.gouv.fr/sites/default/files/documents/IND-UT-135%20v%20A31-1%20-%20Partie%20A%20%C3%A0%20compter%20du%2001-07-2026.pdf"
"Industrie_IND","IND-UT-137 vA65-2 à compter du 01-01-2025 : Mise en place d’un système de pompe(s) à chaleur en rehausse de température de chaleur fatale récupérée PDF – 214.4 Ko","Industrie_IND/IND-UT-137 vA65-2 à compter du 01-01-2025_0.pdf","https://www.ecologie.gouv.fr/sites/default/files/documents/IND-UT-137%20vA65-2%20%C3%A0%20compter%20du%2001-01-2025_0.pdf"
"Industrie_IND","IND-UT-137 vA65-2 à compter du 01-01-2025 - Partie A PDF – 145.42 Ko","Industrie_IND/IND-UT-137 vA65-2 à compter du 01-01-2025 - Partie A.pdf","https://www.ecologie.gouv.fr/sites/default/files/documents/IND-UT-137%20vA65-2%20%C3%A0%20compter%20du%2001-01-2025%20-%20Partie%20A.pdf"
"Industrie_IND","IND-UT-137 vA65-2 à compter du 01-01-2025 - Partie A à compter du 01-07-2026 PDF – 150.07 Ko","Industrie_IND/IND-UT-137 vA65-2 à compter du 01-01-2025 - Partie A à compter du 01-07-2026.pdf","https://www.ecologie.gouv.fr/sites/default/files/documents/IND-UT-137%20vA65-2%20%C3%A0%20compter%20du%2001-01-2025%20-%20Partie%20A%20%C3%A0%20compter%20du%2001-07-2026.pdf"
"Industrie_IND","IND-UT-138 vA62-1 à compter du 01-01-2025 : Conversion de chaleur fatale en électricité ou en air comprimé PDF – 228.86 Ko","Industrie_IND/IND-UT-138 vA62-1 à compter du 01-01-2025_0.pdf","https://www.ecologie.gouv.fr/sites/default/files/documents/IND-UT-138%20vA62-1%20%C3%A0%20compter%20du%2001-01-2025_0.pdf"
"Industrie_IND","IND-UT-138 vA62-1 à compter du 01-01-2025 - Partie A PDF – 153.6 Ko","Industrie_IND/IND-UT-138 vA62-1 à compter du 01-01-2025 - Partie A.pdf","https://www.ecologie.gouv.fr/sites/default/files/documents/IND-UT-138%20vA62-1%20%C3%A0%20compter%20du%2001-01-2025%20-%20Partie%20A.pdf"
"Industrie_IND","IND-UT-138 vA62-1 à compter du 01-01-2025 - Partie A à compter du 01-07-2026 PDF – 157.93 Ko","Industrie_IND/IND-UT-138 vA62-1 à compter du 01-01-2025 - Partie A à compter du 01-07-2026.pdf","https://www.ecologie.gouv.fr/sites/default/files/documents/IND-UT-138%20vA62-1%20%C3%A0%20compter%20du%2001-01-2025%20-%20Partie%20A%20%C3%A0%20compter%20du%2001-07-2026.pdf"
"Industrie_IND","IND-UT-139 vA73-2 à compter du 01-11-2025 : Système de stockage de chaleur fatale PDF – 125.91 Ko","Industrie_IND/IND-UT-139 vA73-2 à compter du 01-11-2025_0.pdf","https://www.ecologie.gouv.fr/sites/default/files/documents/IND-UT-139%20vA73-2%20%C3%A0%20compter%20du%2001-11-2025_0.pdf"
"Industrie_IND","IND-UT-139 vA73-2 à compter du 01-11-2025 - Partie A PDF – 109.36 Ko","Industrie_IND/IND-UT-139 vA73-2 à compter du 01-11-2025 - Partie A.pdf","https://www.ecologie.gouv.fr/sites/default/files/documents/IND-UT-139%20vA73-2%20%C3%A0%20compter%20du%2001-11-2025%20-%20Partie%20A.pdf"
"Industrie_IND","IND-UT-139 vA73-2 à compter du 01-11-2025 - Partie A à compter du 01-07-2026 PDF – 114.29 Ko","Industrie_IND/IND-UT-139 vA73-2 à compter du 01-11-2025 - Partie A à compter du 01-07-2026.pdf","https://www.ecologie.gouv.fr/sites/default/files/documents/IND-UT-139%20vA73-2%20%C3%A0%20compter%20du%2001-11-2025%20-%20Partie%20A%20%C3%A0%20compter%20du%2001-07-2026.pdf"
"Industrie_IND","IND-UT-140 vA65-1 à compter du 01-01-2025 : Mise en veille automatique d’une machine utilisant de l’air comprimé PDF – 127.86 Ko","Industrie_IND/IND-UT-140 vA65-1 à compter du 01-01-2025_0.pdf","https://www.ecologie.gouv.fr/sites/default/files/documents/IND-UT-140%20vA65-1%20%C3%A0%20compter%20du%2001-01-2025_0.pdf"
"Industrie_IND","IND-UT-140 vA65-1 à compter du 01-01-2025 - Partie A PDF – 117.16 Ko","Industrie_IND/IND-UT-140 vA65-1 à compter du 01-01-2025 - Partie A.pdf","https://www.ecologie.gouv.fr/sites/default/files/documents/IND-UT-140%20vA65-1%20%C3%A0%20compter%20du%2001-01-2025%20-%20Partie%20A.pdf"
"Industrie_IND","IND-UT-140 vA65-1 à compter du 01-01-2025 - Partie A à compter du 01-07-2026 PDF – 123.52 Ko","Industrie_IND/IND-UT-140 vA65-1 à compter du 01-01-2025 - Partie A à compter du 01-07-2026.pdf","https://www.ecologie.gouv.fr/sites/default/files/documents/IND-UT-140%20vA65-1%20%C3%A0%20compter%20du%2001-01-2025%20-%20Partie%20A%20%C3%A0%20compter%20du%2001-07-2026.pdf"
"Reseaux_RES","RES-CH-103 vA36-3 à compter du 12-10-2020 : Réhabilitation d’un poste de livraison de chaleur d’un bâtiment tertiaire PDF – 113.31 Ko","Reseaux_RES/RES-CH-103 vA36-3 à compter du 12-10-2020_0.pdf","https://www.ecologie.gouv.fr/sites/default/files/documents/RES-CH-103%20vA36-3%20%C3%A0%20compter%20du%2012-10-2020_0.pdf"
"Reseaux_RES","RES-CH-103 vA36-3 à compter du 12-10-2020 - Parties A, B et C PDF – 123.83 Ko","Reseaux_RES/RES-CH-103 vA36-3 à compter du 12-10-2020 - Parties A, B et C.pdf","https://www.ecologie.gouv.fr/sites/default/files/documents/RES-CH-103%20vA36-3%20%C3%A0%20compter%20du%2012-10-2020%20-%20Parties%20A%2C%20B%20et%20C.pdf"
"Reseaux_RES","RES-CH-103 vA36-3 à compter du 12-10-2020 - Partie A à compter du 01-07-2026 - Parties B et C PDF – 125.77 Ko","Reseaux_RES/RES-CH-103 vA36-3 à compter du 12-10-2020 - Partie A à compter du 01-07-2026 - Parties B et C.pdf","https://www.ecologie.gouv.fr/sites/default/files/documents/RES-CH-103%20vA36-3%20%C3%A0%20compter%20du%2012-10-2020%20-%20Partie%20A%20%C3%A0%20compter%20du%2001-07-2026%20-%20Parties%20B%20et%20C.pdf"
"Reseaux_RES","RES-CH-104 vA36-3 à compter du 12-10-2020 : Réhabilitation d’un poste de livraison de chaleur d’un bâtiment résidentiel PDF – 106.43 Ko","Reseaux_RES/RES-CH-104 vA36-3 à compter du 12-10-2020_0.pdf","https://www.ecologie.gouv.fr/sites/default/files/documents/RES-CH-104%20vA36-3%20%C3%A0%20compter%20du%2012-10-2020_0.pdf"
"Reseaux_RES","RES-CH-104 vA36-3 à compter du 12-10-2020 - Parties A, B et C PDF – 123.49 Ko","Reseaux_RES/RES-CH-104 vA36-3 à compter du 12-10-2020 - Parties A, B et C.pdf","https://www.ecologie.gouv.fr/sites/default/files/documents/RES-CH-104%20vA36-3%20%C3%A0%20compter%20du%2012-10-2020%20-%20Parties%20A%2C%20B%20et%20C.pdf"
"Reseaux_RES","RES-CH-104 vA36-3 à compter du 12-10-2020 - Partie A à compter du 01-07-2026 - Parties B et C PDF – 125.96 Ko","Reseaux_RES/RES-CH-104 vA36-3 à compter du 12-10-2020 - Partie A à compter du 01-07-2026 - Parties B et C.pdf","https://www.ecologie.gouv.fr/sites/default/files/documents/RES-CH-104%20vA36-3%20%C3%A0%20compter%20du%2012-10-2020%20-%20Partie%20A%20%C3%A0%20compter%20du%2001-07-2026%20-%20Parties%20B%20et%20C.pdf"
"Reseaux_RES","RES-CH-105 vA36-3 à compter du 12-10-2020 : Passage d'un réseau de chaleur en basse température PDF – 129.03 Ko","Reseaux_RES/RES-CH-105 vA36-3 à compter du 12-10-2020_0.pdf","https://www.ecologie.gouv.fr/sites/default/files/documents/RES-CH-105%20vA36-3%20%C3%A0%20compter%20du%2012-10-2020_0.pdf"
"Reseaux_RES","RES-CH-105 vA36-3 à compter du 12-10-2020 - Parties A, B et C PDF – 129.23 Ko","Reseaux_RES/RES-CH-105 vA36-3 à compter du 12-10-2020 - Parties A, B et C.pdf","https://www.ecologie.gouv.fr/sites/default/files/documents/RES-CH-105%20vA36-3%20%C3%A0%20compter%20du%2012-10-2020%20-%20Parties%20A%2C%20B%20et%20C.pdf"
"Reseaux_RES","RES-CH-105 vA36-3 à compter du 12-10-2020 - Partie A à compter du 01-07-2026 - Parties B et C PDF – 131.74 Ko","Reseaux_RES/RES-CH-105 vA36-3 à compter du 12-10-2020 - Partie A à compter du 01-07-2026 - Parties B et C.pdf","https://www.ecologie.gouv.fr/sites/default/files/documents/RES-CH-105%20vA36-3%20%C3%A0%20compter%20du%2012-10-2020%20-%20Partie%20A%20%C3%A0%20compter%20du%2001-07-2026%20-%20Parties%20B%20et%20C.pdf"
"Reseaux_RES","RES-CH-106 vA60-4 à compter du 01-03-2024 : Mise en place d’un calorifugeage des canalisations d’un réseau de chaleur PDF – 235.6 Ko","Reseaux_RES/RES-CH-106 vA60-4 à compter du 01-03-2024_0.pdf","https://www.ecologie.gouv.fr/sites/default/files/documents/RES-CH-106%20vA60-4%20%C3%A0%20compter%20du%2001-03-2024_0.pdf"
"Reseaux_RES","RES-CH-106 vA60-4 à compter du 01-03-2024 - Parties A, B, C et D PDF – 167.37 Ko","Reseaux_RES/RES-CH-106 vA60-4 à compter du 01-03-2024 - Parties A, B, C et D.pdf","https://www.ecologie.gouv.fr/sites/default/files/documents/RES-CH-106%20vA60-4%20%C3%A0%20compter%20du%2001-03-2024%20-%20Parties%20A%2C%20B%2C%20C%20et%20D.pdf"
"Reseaux_RES","RES-CH-106 vA60-4 à compter du 01-03-2024 - Partie A à compter du 01-07-2026 - Parties B, C et D PDF – 170.38 Ko","Reseaux_RES/RES-CH-106 vA60-4 à compter du 01-03-2024 - Partie A à compter du 01-07-2026 - Parties B, C et D.pdf","https://www.ecologie.gouv.fr/sites/default/files/documents/RES-CH-106%20vA60-4%20%C3%A0%20compter%20du%2001-03-2024%20-%20Partie%20A%20%C3%A0%20compter%20du%2001-07-2026%20-%20Parties%20B%2C%20C%20et%20D.pdf"
"Reseaux_RES","RES-CH-108 vA53-4 à compter du 01-10-2023 : Récupération de chaleur fatale pour valorisation sur un réseau de chaleur ou vers un tiers (France métropolitaine) PDF – 109.04 Ko","Reseaux_RES/RES-CH-108 vA53-4 à compter du 01-10-2023_1.pdf","https://www.ecologie.gouv.fr/sites/default/files/documents/RES-CH-108%20vA53-4%20%C3%A0%20compter%20du%2001-10-2023_1.pdf"
"Reseaux_RES","RES-CH-108 vA53-4 à compter du 01-10-2023 - Partie A PDF – 102.68 Ko","Reseaux_RES/RES-CH-108 vA53-4 à compter du 01-10-2023 - Partie A.pdf","https://www.ecologie.gouv.fr/sites/default/files/documents/RES-CH-108%20vA53-4%20%C3%A0%20compter%20du%2001-10-2023%20-%20Partie%20A.pdf"
"Reseaux_RES","RES-CH-108 vA53-4 à compter du 01-10-2023 - Partie A à compter du 01-07-2026 PDF – 106.25 Ko","Reseaux_RES/RES-CH-108 vA53-4 à compter du 01-10-2023 - Partie A à compter du 01-07-2026.pdf","https://www.ecologie.gouv.fr/sites/default/files/documents/RES-CH-108%20vA53-4%20%C3%A0%20compter%20du%2001-10-2023%20-%20Partie%20A%20%C3%A0%20compter%20du%2001-07-2026.pdf"
"Reseaux_RES","RES-EC-104 vA77-3 à compter du 26-11-2025 : Rénovation d’éclairage extérieur PDF – 126.74 Ko","Reseaux_RES/RES-EC-104 vA77-3 à compter du 26-11-2025_1.pdf","https://www.ecologie.gouv.fr/sites/default/files/documents/RES-EC-104%20vA77-3%20%C3%A0%20compter%20du%2026-11-2025_1.pdf"
"Reseaux_RES","RES-EC-104 vA77-3 à compter du 26-11-2025 - Partie A PDF – 109.51 Ko","Reseaux_RES/RES-EC-104 vA77-3 à compter du 26-11-2025 - Partie A.pdf","https://www.ecologie.gouv.fr/sites/default/files/documents/RES-EC-104%20vA77-3%20%C3%A0%20compter%20du%2026-11-2025%20-%20Partie%20A.pdf"
"Reseaux_RES","RES-EC-104 vA77-3 à compter du 26-11-2025 - Partie A à compter du 01-07-2026 PDF – 114.03 Ko","Reseaux_RES/RES-EC-104 vA77-3 à compter du 26-11-2025 - Partie A à compter du 01-07-2026.pdf","https://www.ecologie.gouv.fr/sites/default/files/documents/RES-EC-104%20vA77-3%20%C3%A0%20compter%20du%2026-11-2025%20-%20Partie%20A%20%C3%A0%20compter%20du%2001-07-2026.pdf"
"Transport_TRA","TRA-EQ-101 vA14-1 : Unité de transport intermodal pour le transport combiné rail-route PDF – 112.35 Ko","Transport_TRA/TRA-EQ-101 vA14-1_0.pdf","https://www.ecologie.gouv.fr/sites/default/files/documents/TRA-EQ-101%20vA14-1_0.pdf"
"Transport_TRA","TRA-EQ-101 vA14-1 - Partie A PDF – 112.92 Ko","Transport_TRA/TRA-EQ-101 vA14-1 - Partie A_0.pdf","https://www.ecologie.gouv.fr/sites/default/files/documents/TRA-EQ-101%20vA14-1%20-%20Partie%20A_0.pdf"
"Transport_TRA","TRA-EQ-101 vA14-1 - Partie A à compter du 01-07-2026 PDF – 118.71 Ko","Transport_TRA/TRA-EQ-101 vA14-1 - Partie A à compter du 01-07-2026_0.pdf","https://www.ecologie.gouv.fr/sites/default/files/documents/TRA-EQ-101%20vA14-1%20-%20Partie%20A%20%C3%A0%20compter%20du%2001-07-2026_0.pdf"
"Transport_TRA","TRA-EQ-101 vA14-1 - Annexe 2 à compter du 01-07-2025 PDF – 105.63 Ko","Transport_TRA/TRA-EQ-101 vA14-1 - Annexe 2 à compter du 01-07-2025_0.pdf","https://www.ecologie.gouv.fr/sites/default/files/documents/TRA-EQ-101%20vA14-1%20-%20Annexe%202%20%C3%A0%20compter%20du%2001-07-2025_0.pdf"
"Transport_TRA","TRA-EQ-101 vA14-1 - Annexe 2 à compter du 01-07-2026 PDF – 107.77 Ko","Transport_TRA/TRA-EQ-101 vA14-1 - Annexe 2 à compter du 01-07-2026_0.pdf","https://www.ecologie.gouv.fr/sites/default/files/documents/TRA-EQ-101%20vA14-1%20-%20Annexe%202%20%C3%A0%20compter%20du%2001-07-2026_0.pdf"
"Transport_TRA","TRA-EQ-103 vA14-1 : Télématique embarquée pour le suivi de la conduite d’un véhicule PDF – 145.08 Ko","Transport_TRA/TRA-EQ-103 vA14-1_0.pdf","https://www.ecologie.gouv.fr/sites/default/files/documents/TRA-EQ-103%20vA14-1_0.pdf"
"Transport_TRA","TRA-EQ-103 vA14-1 - Partie A PDF – 122.54 Ko","Transport_TRA/TRA-EQ-103 vA14-1 - Partie A_0.pdf","https://www.ecologie.gouv.fr/sites/default/files/documents/TRA-EQ-103%20vA14-1%20-%20Partie%20A_0.pdf"
"Transport_TRA","TRA-EQ-103 vA14-1 - Partie A à compter du 01-07-2026 PDF – 98.78 Ko","Transport_TRA/TRA-EQ-103 vA14-1 - Partie A à compter du 01-07-2026_0.pdf","https://www.ecologie.gouv.fr/sites/default/files/documents/TRA-EQ-103%20vA14-1%20-%20Partie%20A%20%C3%A0%20compter%20du%2001-07-2026_0.pdf"
"Transport_TRA","TRA-EQ-103 vA14-1 - Annexe 2 à compter du 01-07-2025 PDF – 106.84 Ko","Transport_TRA/TRA-EQ-103 vA14-1 - Annexe 2 à compter du 01-07-2025_0.pdf","https://www.ecologie.gouv.fr/sites/default/files/documents/TRA-EQ-103%20vA14-1%20-%20Annexe%202%20%C3%A0%20compter%20du%2001-07-2025_0.pdf"
"Transport_TRA","TRA-EQ-103 vA14-1 - Annexe 2 à compter du 01-07-2026 PDF – 108.78 Ko","Transport_TRA/TRA-EQ-103 vA14-1 - Annexe 2 à compter du 01-07-2026_0.pdf","https://www.ecologie.gouv.fr/sites/default/files/documents/TRA-EQ-103%20vA14-1%20-%20Annexe%202%20%C3%A0%20compter%20du%2001-07-2026_0.pdf"
"Transport_TRA","TRA-EQ-104 vA14-1 : Lubrifiant économiseur d’énergie pour véhicules légers PDF – 121.24 Ko","Transport_TRA/TRA-EQ-104 vA14-1_0.pdf","https://www.ecologie.gouv.fr/sites/default/files/documents/TRA-EQ-104%20vA14-1_0.pdf"
"Transport_TRA","TRA-EQ-104 vA14-1 - Parties A, B et C PDF – 119.55 Ko","Transport_TRA/TRA-EQ-104 vA14-1 - Parties A, B et C_0.pdf","https://www.ecologie.gouv.fr/sites/default/files/documents/TRA-EQ-104%20vA14-1%20-%20Parties%20A%2C%20B%20et%20C_0.pdf"
"Transport_TRA","TRA-EQ-104 vA14-1 - Partie A à compter du 01-07-2026 - Parties B et C PDF – 124.27 Ko","Transport_TRA/TRA-EQ-104 vA14-1 - Partie A à compter du 01-07-2026 - Parties B et C_0.pdf","https://www.ecologie.gouv.fr/sites/default/files/documents/TRA-EQ-104%20vA14-1%20-%20Partie%20A%20%C3%A0%20compter%20du%2001-07-2026%20-%20Parties%20B%20et%20C_0.pdf"
"Transport_TRA","TRA-EQ-104 vA14-1 - Annexe 2 à compter du 01-07-2025 PDF – 106.31 Ko","Transport_TRA/TRA-EQ-104 vA14-1 - Annexe 2 à compter du 01-07-2025_0.pdf","https://www.ecologie.gouv.fr/sites/default/files/documents/TRA-EQ-104%20vA14-1%20-%20Annexe%202%20%C3%A0%20compter%20du%2001-07-2025_0.pdf"
"Transport_TRA","TRA-EQ-104 vA14-1 - Annexe 2 à compter du 01-07-2026 PDF – 108.48 Ko","Transport_TRA/TRA-EQ-104 vA14-1 - Annexe 2 à compter du 01-07-2026_0.pdf","https://www.ecologie.gouv.fr/sites/default/files/documents/TRA-EQ-104%20vA14-1%20-%20Annexe%202%20%C3%A0%20compter%20du%2001-07-2026_0.pdf"
"Transport_TRA","TRA-EQ-106 vA14-1 : Pneus de véhicules légers à basse résistance au roulement PDF – 116.39 Ko","Transport_TRA/TRA-EQ-106 vA14-1_0.pdf","https://www.ecologie.gouv.fr/sites/default/files/documents/TRA-EQ-106%20vA14-1_0.pdf"
"Transport_TRA","TRA-EQ-106 vA14-1 - Partie A PDF – 100.79 Ko","Transport_TRA/TRA-EQ-106 vA14-1 - Partie A_0.pdf","https://www.ecologie.gouv.fr/sites/default/files/documents/TRA-EQ-106%20vA14-1%20-%20Partie%20A_0.pdf"
"Transport_TRA","TRA-EQ-106 vA14-1 - Partie A à compter du 01-07-2026 PDF – 105.91 Ko","Transport_TRA/TRA-EQ-106 vA14-1 - Partie A à compter du 01-07-2026_0.pdf","https://www.ecologie.gouv.fr/sites/default/files/documents/TRA-EQ-106%20vA14-1%20-%20Partie%20A%20%C3%A0%20compter%20du%2001-07-2026_0.pdf"
"Transport_TRA","TRA-EQ-106 vA14-1 - Annexe 2 à compter du 01-07-2025 PDF – 106.33 Ko","Transport_TRA/TRA-EQ-106 vA14-1 - Annexe 2 à compter du 01-07-2025_0.pdf","https://www.ecologie.gouv.fr/sites/default/files/documents/TRA-EQ-106%20vA14-1%20-%20Annexe%202%20%C3%A0%20compter%20du%2001-07-2025_0.pdf"
"Transport_TRA","TRA-EQ-106 vA14-1 - Annexe 2 à compter du 01-07-2026 PDF – 108.5 Ko","Transport_TRA/TRA-EQ-106 vA14-1 - Annexe 2 à compter du 01-07-2026_0.pdf","https://www.ecologie.gouv.fr/sites/default/files/documents/TRA-EQ-106%20vA14-1%20-%20Annexe%202%20%C3%A0%20compter%20du%2001-07-2026_0.pdf"
"Transport_TRA","TRA-EQ-107 vA17-1 : Unité de transport intermodal pour le transport combiné fluvial-route PDF – 110.47 Ko","Transport_TRA/TRA-EQ-107 vA17-1_0.pdf","https://www.ecologie.gouv.fr/sites/default/files/documents/TRA-EQ-107%20vA17-1_0.pdf"
"Transport_TRA","TRA-EQ-107 vA17-1 - Partie A PDF – 95.36 Ko","Transport_TRA/TRA-EQ-107 vA17-1 - Partie A_0.pdf","https://www.ecologie.gouv.fr/sites/default/files/documents/TRA-EQ-107%20vA17-1%20-%20Partie%20A_0.pdf"
"Transport_TRA","TRA-EQ-107 vA17-1 - Partie A à compter du 01-07-2026 PDF – 99.83 Ko","Transport_TRA/TRA-EQ-107 vA17-1 - Partie A à compter du 01-07-2026_0.pdf","https://www.ecologie.gouv.fr/sites/default/files/documents/TRA-EQ-107%20vA17-1%20-%20Partie%20A%20%C3%A0%20compter%20du%2001-07-2026_0.pdf"
"Transport_TRA","TRA-EQ-107 - Annexe 2 à compter du 01-07-2025 PDF – 106.02 Ko","Transport_TRA/TRA-EQ-107 - Annexe 2 à compter du 01-07-2025_0.pdf","https://www.ecologie.gouv.fr/sites/default/files/documents/TRA-EQ-107%20-%20Annexe%202%20%C3%A0%20compter%20du%2001-07-2025_0.pdf"
"Transport_TRA","TRA-EQ-107 - Annexe 2 à compter du 01-07-2026 PDF – 99.22 Ko","Transport_TRA/TRA-EQ-107 - Annexe 2 à compter du 01-07-2026_0.pdf","https://www.ecologie.gouv.fr/sites/default/files/documents/TRA-EQ-107%20-%20Annexe%202%20%C3%A0%20compter%20du%2001-07-2026_0.pdf"
"Transport_TRA","TRA-EQ-108 vA37-6 à compter du 01-04-2020 : Wagon d'autoroute ferroviaire PDF – 114.72 Ko","Transport_TRA/TRA-EQ-108 vA37-6 à compter du 01-04-2020_0.pdf","https://www.ecologie.gouv.fr/sites/default/files/documents/TRA-EQ-108%20vA37-6%20%C3%A0%20compter%20du%2001-04-2020_0.pdf"
"Transport_TRA","TRA-EQ-108 vA37-6 à compter du 01-04-2020 - Partie A à compter du 01-07-2026 PDF – 107.89 Ko","Transport_TRA/TRA-EQ-108 vA37-6 à compter du 01-04-2020 - Partie A à compter du 01-07-2026.pdf","https://www.ecologie.gouv.fr/sites/default/files/documents/TRA-EQ-108%20vA37-6%20%C3%A0%20compter%20du%2001-04-2020%20-%20Partie%20A%20%C3%A0%20compter%20du%2001-07-2026.pdf"
"Transport_TRA","TRA-EQ-108 vA37-6 à compter du 01-04-2020 - Partie A PDF – 103.64 Ko","Transport_TRA/TRA-EQ-108 vA37-6 à compter du 01-04-2020 - Partie A.pdf","https://www.ecologie.gouv.fr/sites/default/files/documents/TRA-EQ-108%20vA37-6%20%C3%A0%20compter%20du%2001-04-2020%20-%20Partie%20A.pdf"
"Transport_TRA","TRA-EQ-108 vA37-6 à compter du 01-04-2020 - Annexe 2 à compter du 01-07-2025 PDF – 107.39 Ko","Transport_TRA/TRA-EQ-108 vA37-6 à compter du 01-04-2020 - Annexe 2 à compter du 01-07-2025.pdf","https://www.ecologie.gouv.fr/sites/default/files/documents/TRA-EQ-108%20vA37-6%20%C3%A0%20compter%20du%2001-04-2020%20-%20Annexe%202%20%C3%A0%20compter%20du%2001-07-2025.pdf"
"Transport_TRA","TRA-EQ-108 vA37-6 à compter du 01-04-2020 - Annexe 2 à compter du 01-07-2026 PDF – 100.6 Ko","Transport_TRA/TRA-EQ-108 vA37-6 à compter du 01-04-2020 - Annexe 2 à compter du 01-07-2026.pdf","https://www.ecologie.gouv.fr/sites/default/files/documents/TRA-EQ-108%20vA37-6%20%C3%A0%20compter%20du%2001-04-2020%20-%20Annexe%202%20%C3%A0%20compter%20du%2001-07-2026.pdf"
"Transport_TRA","TRA-EQ-109 vA17-1 : Barge fluviale PDF – 108.26 Ko","Transport_TRA/TRA-EQ-109 vA17-1.pdf","https://www.ecologie.gouv.fr/sites/default/files/documents/TRA-EQ-109%20vA17-1.pdf"
"Transport_TRA","TRA-EQ-109 vA17-1 - Partie A à compter du 01-07-2026 PDF – 96.79 Ko","Transport_TRA/TRA-EQ-109 vA17-1 - Partie A à compter du 01-07-2026.pdf","https://www.ecologie.gouv.fr/sites/default/files/documents/TRA-EQ-109%20vA17-1%20-%20Partie%20A%20%C3%A0%20compter%20du%2001-07-2026.pdf"
"Transport_TRA","TRA-EQ-109 vA17-1 - Annexe 2 à compter du 01-07-2025 PDF – 106.58 Ko","Transport_TRA/TRA-EQ-109 vA17-1 - Annexe 2 à compter du 01-07-2025.pdf","https://www.ecologie.gouv.fr/sites/default/files/documents/TRA-EQ-109%20vA17-1%20-%20Annexe%202%20%C3%A0%20compter%20du%2001-07-2025.pdf"
"Transport_TRA","TRA-EQ-109 vA17-1 - Annexe 2 à compter du 01-07-2026 PDF – 99.74 Ko","Transport_TRA/TRA-EQ-109 vA17-1 - Annexe 2 à compter du 01-07-2026.pdf","https://www.ecologie.gouv.fr/sites/default/files/documents/TRA-EQ-109%20vA17-1%20-%20Annexe%202%20%C3%A0%20compter%20du%2001-07-2026.pdf"
"Transport_TRA","TRA-EQ-110 vA19-1 : Automoteur fluvial PDF – 127.94 Ko","Transport_TRA/TRA-EQ-110 vA19-1.pdf","https://www.ecologie.gouv.fr/sites/default/files/documents/TRA-EQ-110%20vA19-1.pdf"
"Transport_TRA","TRA-EQ-110 vA19-1 - Partie A PDF – 108 Ko","Transport_TRA/TRA-EQ-110 vA19-1 - Partie A.pdf","https://www.ecologie.gouv.fr/sites/default/files/documents/TRA-EQ-110%20vA19-1%20-%20Partie%20A.pdf"
"Transport_TRA","TRA-EQ-110 vA19-1 - Partie A à compter du 01-07-2026 PDF – 112.85 Ko","Transport_TRA/TRA-EQ-110 vA19-1 - Partie A à compter du 01-07-2026.pdf","https://www.ecologie.gouv.fr/sites/default/files/documents/TRA-EQ-110%20vA19-1%20-%20Partie%20A%20%C3%A0%20compter%20du%2001-07-2026.pdf"
"Transport_TRA","TRA-EQ-110 vA19-1 - Annexe 2 à compter du 01-07-2025 PDF – 106.11 Ko","Transport_TRA/TRA-EQ-110 vA19-1 - Annexe 2 à compter du 01-07-2025.pdf","https://www.ecologie.gouv.fr/sites/default/files/documents/TRA-EQ-110%20vA19-1%20-%20Annexe%202%20%C3%A0%20compter%20du%2001-07-2025.pdf"
"Transport_TRA","TRA-EQ-110 vA19-1 - Annexe 2 à compter du 01-07-2026 PDF – 99.26 Ko","Transport_TRA/TRA-EQ-110 vA19-1 - Annexe 2 à compter du 01-07-2026.pdf","https://www.ecologie.gouv.fr/sites/default/files/documents/TRA-EQ-110%20vA19-1%20-%20Annexe%202%20%C3%A0%20compter%20du%2001-07-2026.pdf"
"Transport_TRA","TRA-EQ-111 vA24-1 : Groupes frigorifiques autonomes à haute efficacité énergétique pour camions, semi remorques, remorques et caisses mobiles frigorifiques PDF – 107.86 Ko","Transport_TRA/TRA-EQ-111 vA24-1.pdf","https://www.ecologie.gouv.fr/sites/default/files/documents/TRA-EQ-111%20vA24-1.pdf"
"Transport_TRA","TRA-EQ-111 vA24-1 - Partie A PDF – 96.85 Ko","Transport_TRA/TRA-EQ-111 vA24-1 - Partie A.pdf","https://www.ecologie.gouv.fr/sites/default/files/documents/TRA-EQ-111%20vA24-1%20-%20Partie%20A.pdf"
"Transport_TRA","TRA-EQ-111 vA24-1 - Partie A à compter du 01-07-2026 PDF – 101.92 Ko","Transport_TRA/TRA-EQ-111 vA24-1 - Partie A à compter du 01-07-2026.pdf","https://www.ecologie.gouv.fr/sites/default/files/documents/TRA-EQ-111%20vA24-1%20-%20Partie%20A%20%C3%A0%20compter%20du%2001-07-2026.pdf"
"Transport_TRA","TRA-EQ-111 vA24-1 - Annexe 2 à compter du 01-07-2025 PDF – 105.33 Ko","Transport_TRA/TRA-EQ-111 vA24-1 - Annexe 2 à compter du 01-07-2025.pdf","https://www.ecologie.gouv.fr/sites/default/files/documents/TRA-EQ-111%20vA24-1%20-%20Annexe%202%20%C3%A0%20compter%20du%2001-07-2025.pdf"
"Transport_TRA","TRA-EQ-111 vA24-1 - Annexe 2 à compter du 01-07-2026 PDF – 98.62 Ko","Transport_TRA/TRA-EQ-111 vA24-1 - Annexe 2 à compter du 01-07-2026.pdf","https://www.ecologie.gouv.fr/sites/default/files/documents/TRA-EQ-111%20vA24-1%20-%20Annexe%202%20%C3%A0%20compter%20du%2001-07-2026.pdf"
"Transport_TRA","TRA-EQ-113 vA14-1 : Lubrifiant économiseur d’énergie pour des véhicules de transport de personnes ou de marchandises PDF – 115.29 Ko","Transport_TRA/TRA-EQ-113 vA14-1.pdf","https://www.ecologie.gouv.fr/sites/default/files/documents/TRA-EQ-113%20vA14-1.pdf"
"Transport_TRA","TRA-EQ-113 vA14-1 - Parties A, B et C PDF – 124.36 Ko","Transport_TRA/TRA-EQ-113 vA14-1 - Parties A, B et C.pdf","https://www.ecologie.gouv.fr/sites/default/files/documents/TRA-EQ-113%20vA14-1%20-%20Parties%20A%2C%20B%20et%20C.pdf"
"Transport_TRA","TRA-EQ-113 vA14-1 - Partie A à compter du 01-07-2026 - Parties B et C PDF – 127.34 Ko","Transport_TRA/TRA-EQ-113 vA14-1 - Partie A à compter du 01-07-2026 - Parties B et C.pdf","https://www.ecologie.gouv.fr/sites/default/files/documents/TRA-EQ-113%20vA14-1%20-%20Partie%20A%20%C3%A0%20compter%20du%2001-07-2026%20-%20Parties%20B%20et%20C.pdf"
"Transport_TRA","TRA-EQ-113 vA14-1 - Annexe 2 à compter du 01-07-2025 PDF – 105.77 Ko","Transport_TRA/TRA-EQ-113 vA14-1 - Annexe 2 à compter du 01-07-2025.pdf","https://www.ecologie.gouv.fr/sites/default/files/documents/TRA-EQ-113%20vA14-1%20-%20Annexe%202%20%C3%A0%20compter%20du%2001-07-2025.pdf"
"Transport_TRA","TRA-EQ-113 vA14-1 - Annexe 2 à compter du 01-07-2026 PDF – 107.95 Ko","Transport_TRA/TRA-EQ-113 vA14-1 - Annexe 2 à compter du 01-07-2026.pdf","https://www.ecologie.gouv.fr/sites/default/files/documents/TRA-EQ-113%20vA14-1%20-%20Annexe%202%20%C3%A0%20compter%20du%2001-07-2026.pdf"
"Transport_TRA","TRA-EQ-114 vA76-4 à compter du 01-10-2025 : Achat ou location d’un véhicule léger électrique neuf ou opération de rétrofit électrique d’un véhicule léger, par une collectivité locale ou une autre personne morale PDF – 121.11 Ko","Transport_TRA/TRA-EQ-114 vA76-4 à compter du 01-10-2025.pdf","https://www.ecologie.gouv.fr/sites/default/files/documents/TRA-EQ-114%20vA76-4%20%C3%A0%20compter%20du%2001-10-2025.pdf"
"Transport_TRA","TRA-EQ-114 vA76-4 à compter du 01-10-2025 - Partie A PDF – 108.4 Ko","Transport_TRA/TRA-EQ-114 vA76-4 à compter du 01-10-2025 - Partie A.pdf","https://www.ecologie.gouv.fr/sites/default/files/documents/TRA-EQ-114%20vA76-4%20%C3%A0%20compter%20du%2001-10-2025%20-%20Partie%20A.pdf"
"Transport_TRA","TRA-EQ-114 vA76-4 à compter du 01-10-2025 - Partie A à compter du 01-07-2026 PDF – 113.04 Ko","Transport_TRA/TRA-EQ-114 vA76-4 à compter du 01-10-2025 - Partie A à compter du 01-07-2026.pdf","https://www.ecologie.gouv.fr/sites/default/files/documents/TRA-EQ-114%20vA76-4%20%C3%A0%20compter%20du%2001-10-2025%20-%20Partie%20A%20%C3%A0%20compter%20du%2001-07-2026.pdf"
"Transport_TRA","TRA-EQ-114 vA76-4 à compter du 01-10-2025 - Annexe 2 à compter du 01-07-2025 PDF – 107.63 Ko","Transport_TRA/TRA-EQ-114 vA76-4 à compter du 01-10-2025 - Annexe 2 à compter du 01-07-2025.pdf","https://www.ecologie.gouv.fr/sites/default/files/documents/TRA-EQ-114%20vA76-4%20%C3%A0%20compter%20du%2001-10-2025%20-%20Annexe%202%20%C3%A0%20compter%20du%2001-07-2025.pdf"
"Transport_TRA","TRA-EQ-114 vA76-4 à compter du 01-10-2025 - Annexe 2 à compter du 01-07-2026 PDF – 101.01 Ko","Transport_TRA/TRA-EQ-114 vA76-4 à compter du 01-10-2025 - Annexe 2 à compter du 01-07-2026.pdf","https://www.ecologie.gouv.fr/sites/default/files/documents/TRA-EQ-114%20vA76-4%20%C3%A0%20compter%20du%2001-10-2025%20-%20Annexe%202%20%C3%A0%20compter%20du%2001-07-2026.pdf"
"Transport_TRA","TRA-EQ-114 vA68-3 Feuille récapitulative XLS – 35.5 Ko","Transport_TRA/TRA-EQ-114 vA68-3 Feuille récapitulative_0.xls","https://www.ecologie.gouv.fr/sites/default/files/documents/TRA-EQ-114%20vA68-3%20Feuille%20r%C3%A9capitulative_0.xls"
"Transport_TRA","TRA-EQ-115 vA14-1 : Véhicules de transport de marchandises optimisé PDF – 111.62 Ko","Transport_TRA/TRA-EQ-115 vA14-1.pdf","https://www.ecologie.gouv.fr/sites/default/files/documents/TRA-EQ-115%20vA14-1.pdf"
"Transport_TRA","TRA-EQ-115 vA14-1 - Partie A PDF – 101.72 Ko","Transport_TRA/TRA-EQ-115 vA14-1 - Partie A.pdf","https://www.ecologie.gouv.fr/sites/default/files/documents/TRA-EQ-115%20vA14-1%20-%20Partie%20A.pdf"
"Transport_TRA","TRA-EQ-115 vA14-1 - Partie A à compter du 01-07-2026 PDF – 105.26 Ko","Transport_TRA/TRA-EQ-115 vA14-1 - Partie A à compter du 01-07-2026.pdf","https://www.ecologie.gouv.fr/sites/default/files/documents/TRA-EQ-115%20vA14-1%20-%20Partie%20A%20%C3%A0%20compter%20du%2001-07-2026.pdf"
"Transport_TRA","TRA-EQ-115 vA14-1 - Annexe 2 à compter du 01-07-2025 PDF – 105.81 Ko","Transport_TRA/TRA-EQ-115 vA14-1 - Annexe 2 à compter du 01-07-2025.pdf","https://www.ecologie.gouv.fr/sites/default/files/documents/TRA-EQ-115%20vA14-1%20-%20Annexe%202%20%C3%A0%20compter%20du%2001-07-2025.pdf"
"Transport_TRA","TRA-EQ-115 vA14-1 - Annexe 2 à compter du 01-07-2026 PDF – 107.96 Ko","Transport_TRA/TRA-EQ-115 vA14-1 - Annexe 2 à compter du 01-07-2026.pdf","https://www.ecologie.gouv.fr/sites/default/files/documents/TRA-EQ-115%20vA14-1%20-%20Annexe%202%20%C3%A0%20compter%20du%2001-07-2026.pdf"
"Transport_TRA","TRA-EQ-117 vA76-5 à compter du 01-10-2025 : Achat ou location d’un véhicule léger électrique neuf ou opération de rétrofit électrique d’un véhicule léger par des personnes physiques PDF – 108.6 Ko","Transport_TRA/TRA-EQ-117 vA76-5 à compter du 01-10-2025.pdf","https://www.ecologie.gouv.fr/sites/default/files/documents/TRA-EQ-117%20vA76-5%20%C3%A0%20compter%20du%2001-10-2025.pdf"
"Transport_TRA","TRA-EQ-117 vA76-5 à compter du 01-10-2025 - Partie A PDF – 91.1 Ko","Transport_TRA/TRA-EQ-117 vA76-5 à compter du 01-10-2025 - Partie A.pdf","https://www.ecologie.gouv.fr/sites/default/files/documents/TRA-EQ-117%20vA76-5%20%C3%A0%20compter%20du%2001-10-2025%20-%20Partie%20A.pdf"
"Transport_TRA","TRA-EQ-117 vA76-5 à compter du 01-10-2025 - Partie A à compter du 01-07-2026 PDF – 96.09 Ko","Transport_TRA/TRA-EQ-117 vA76-5 à compter du 01-10-2025 - Partie A à compter du 01-07-2026.pdf","https://www.ecologie.gouv.fr/sites/default/files/documents/TRA-EQ-117%20vA76-5%20%C3%A0%20compter%20du%2001-10-2025%20-%20Partie%20A%20%C3%A0%20compter%20du%2001-07-2026.pdf"
"Transport_TRA","TRA-EQ-117 vA76-5 à compter du 01-10-2025 - Annexe 2 à compter du 01-07-2025 PDF – 106.56 Ko","Transport_TRA/TRA-EQ-117 vA76-5 à compter du 01-10-2025 - Annexe 2 à compter du 01-07-2025.pdf","https://www.ecologie.gouv.fr/sites/default/files/documents/TRA-EQ-117%20vA76-5%20%C3%A0%20compter%20du%2001-10-2025%20-%20Annexe%202%20%C3%A0%20compter%20du%2001-07-2025.pdf"
"Transport_TRA","TRA-EQ-117 vA76-5 à compter du 01-10-2025 - Annexe 2 à compter du 01-07-2026 PDF – 99.65 Ko","Transport_TRA/TRA-EQ-117 vA76-5 à compter du 01-10-2025 - Annexe 2 à compter du 01-07-2026.pdf","https://www.ecologie.gouv.fr/sites/default/files/documents/TRA-EQ-117%20vA76-5%20%C3%A0%20compter%20du%2001-10-2025%20-%20Annexe%202%20%C3%A0%20compter%20du%2001-07-2026.pdf"
"Transport_TRA","TRA-EQ-118 vA15-1 : Lubrifiant économiseur d’énergie pour la pêche professionnelle PDF – 137.81 Ko","Transport_TRA/TRA-EQ-118 vA15-1.pdf","https://www.ecologie.gouv.fr/sites/default/files/documents/TRA-EQ-118%20vA15-1.pdf"
"Transport_TRA","TRA-EQ-118 vA15-1 - Parties A, B et C PDF – 119.23 Ko","Transport_TRA/TRA-EQ-118 vA15-1 - Parties A, B et C.pdf","https://www.ecologie.gouv.fr/sites/default/files/documents/TRA-EQ-118%20vA15-1%20-%20Parties%20A%2C%20B%20et%20C.pdf"
"Transport_TRA","TRA-EQ-118 vA15-1 - Partie A à compter du 01-07-2026 - Parties B et C PDF – 122.4 Ko","Transport_TRA/TRA-EQ-118 vA15-1 - Partie A à compter du 01-07-2026 - Parties B et C.pdf","https://www.ecologie.gouv.fr/sites/default/files/documents/TRA-EQ-118%20vA15-1%20-%20Partie%20A%20%C3%A0%20compter%20du%2001-07-2026%20-%20Parties%20B%20et%20C.pdf"
"Transport_TRA","TRA-EQ-118 vA15-1 - Annexe 2 à compter du 01-07-2025 PDF – 105.95 Ko","Transport_TRA/TRA-EQ-118 vA15-1 - Annexe 2 à compter du 01-07-2025.pdf","https://www.ecologie.gouv.fr/sites/default/files/documents/TRA-EQ-118%20vA15-1%20-%20Annexe%202%20%C3%A0%20compter%20du%2001-07-2025.pdf"
"Transport_TRA","TRA-EQ-118 vA15-1 - Annexe 2 à compter du 01-07-2026 PDF – 99.22 Ko","Transport_TRA/TRA-EQ-118 vA15-1 - Annexe 2 à compter du 01-07-2026.pdf","https://www.ecologie.gouv.fr/sites/default/files/documents/TRA-EQ-118%20vA15-1%20-%20Annexe%202%20%C3%A0%20compter%20du%2001-07-2026.pdf"
"Transport_TRA","TRA-EQ-119 vA17-2 : Optimisation de la combustion et de la propreté des moteurs Diesel PDF – 117.4 Ko","Transport_TRA/TRA-EQ-119 vA17-2.pdf","https://www.ecologie.gouv.fr/sites/default/files/documents/TRA-EQ-119%20vA17-2.pdf"
"Transport_TRA","TRA-EQ-119 vA17-2 - Parties A, B et C PDF – 128.78 Ko","Transport_TRA/TRA-EQ-119 vA17-2 - Parties A, B et C.pdf","https://www.ecologie.gouv.fr/sites/default/files/documents/TRA-EQ-119%20vA17-2%20-%20Parties%20A%2C%20B%20et%20C.pdf"
"Transport_TRA","TRA-EQ-119 vA17-2 - Partie A à compter du 01-07-2026 - Parties B et C PDF – 130.97 Ko","Transport_TRA/TRA-EQ-119 vA17-2 - Partie A à compter du 01-07-2026 - Parties B et C.pdf","https://www.ecologie.gouv.fr/sites/default/files/documents/TRA-EQ-119%20vA17-2%20-%20Partie%20A%20%C3%A0%20compter%20du%2001-07-2026%20-%20Parties%20B%20et%20C.pdf"
"Transport_TRA","TRA-EQ-119 vA17-2 - Annexe 2 à compter du 01-07-2025 PDF – 106 Ko","Transport_TRA/TRA-EQ-119 vA17-2 - Annexe 2 à compter du 01-07-2025.pdf","https://www.ecologie.gouv.fr/sites/default/files/documents/TRA-EQ-119%20vA17-2%20-%20Annexe%202%20%C3%A0%20compter%20du%2001-07-2025.pdf"
"Transport_TRA","TRA-EQ-119 vA17-2 - Annexe 2 à compter du 01-07-2026 PDF – 99.11 Ko","Transport_TRA/TRA-EQ-119 vA17-2 - Annexe 2 à compter du 01-07-2026.pdf","https://www.ecologie.gouv.fr/sites/default/files/documents/TRA-EQ-119%20vA17-2%20-%20Annexe%202%20%C3%A0%20compter%20du%2001-07-2026.pdf"
"Transport_TRA","TRA-EQ-120 vA27-1 : Hélice avec tuyère sur une unité de transport fluvial PDF – 129.19 Ko","Transport_TRA/TRA-EQ-120 vA27-1_0.pdf","https://www.ecologie.gouv.fr/sites/default/files/documents/TRA-EQ-120%20vA27-1_0.pdf"
"Transport_TRA","TRA-EQ-120 vA27-1 - Partie A PDF – 97.63 Ko","Transport_TRA/TRA-EQ-120 vA27-1 - Partie A.pdf","https://www.ecologie.gouv.fr/sites/default/files/documents/TRA-EQ-120%20vA27-1%20-%20Partie%20A.pdf"
"Transport_TRA","TRA-EQ-120 vA27-1 - Partie A à compter du 01-07-2026 PDF – 103.36 Ko","Transport_TRA/TRA-EQ-120 vA27-1 - Partie A à compter du 01-07-2026.pdf","https://www.ecologie.gouv.fr/sites/default/files/documents/TRA-EQ-120%20vA27-1%20-%20Partie%20A%20%C3%A0%20compter%20du%2001-07-2026.pdf"
"Transport_TRA","TRA-EQ-120 vA27-1 - Annexe 2 à compter du 01-07-2025 PDF – 106.16 Ko","Transport_TRA/TRA-EQ-120 vA27-1 - Annexe 2 à compter du 01-07-2025.pdf","https://www.ecologie.gouv.fr/sites/default/files/documents/TRA-EQ-120%20vA27-1%20-%20Annexe%202%20%C3%A0%20compter%20du%2001-07-2025.pdf"
"Transport_TRA","TRA-EQ-120 vA27-1 - Annexe 2 à compter du 01-07-2026 PDF – 99.37 Ko","Transport_TRA/TRA-EQ-120 vA27-1 - Annexe 2 à compter du 01-07-2026.pdf","https://www.ecologie.gouv.fr/sites/default/files/documents/TRA-EQ-120%20vA27-1%20-%20Annexe%202%20%C3%A0%20compter%20du%2001-07-2026.pdf"
"Transport_TRA","TRA-EQ-121 vA54-2 à compter du 01-01-2024 : Vélo à assistance électrique PDF – 138.48 Ko","Transport_TRA/TRA-EQ-121 vA54-2 à compter du 01-01-2024_0.pdf","https://www.ecologie.gouv.fr/sites/default/files/documents/TRA-EQ-121%20vA54-2%20%C3%A0%20compter%20du%2001-01-2024_0.pdf"
"Transport_TRA","TRA-EQ-121 vA54-2 à compter du 01-01-2024 - Partie A PDF – 91.36 Ko","Transport_TRA/TRA-EQ-121 vA54-2 à compter du 01-01-2024 - Partie A.pdf","https://www.ecologie.gouv.fr/sites/default/files/documents/TRA-EQ-121%20vA54-2%20%C3%A0%20compter%20du%2001-01-2024%20-%20Partie%20A.pdf"
"Transport_TRA","TRA-EQ-121 vA54-2 à compter du 01-01-2024 - Partie A à compter du 01-07-2026 PDF – 96.5 Ko","Transport_TRA/TRA-EQ-121 vA54-2 à compter du 01-01-2024 - Partie A à compter du 01-07-2026.pdf","https://www.ecologie.gouv.fr/sites/default/files/documents/TRA-EQ-121%20vA54-2%20%C3%A0%20compter%20du%2001-01-2024%20-%20Partie%20A%20%C3%A0%20compter%20du%2001-07-2026.pdf"
"Transport_TRA","TRA-EQ-121 vA54-2 à compter du 01-01-2024 - Annexe 2 à compter du 01-07-2025 PDF – 105.63 Ko","Transport_TRA/TRA-EQ-121 vA54-2 à compter du 01-01-2024 - Annexe 2 à compter du 01-07-2025.pdf","https://www.ecologie.gouv.fr/sites/default/files/documents/TRA-EQ-121%20vA54-2%20%C3%A0%20compter%20du%2001-01-2024%20-%20Annexe%202%20%C3%A0%20compter%20du%2001-07-2025.pdf"
"Transport_TRA","TRA-EQ-121 vA54-2 à compter du 01-01-2024 - Annexe 2 à compter du 01-07-2026 PDF – 99.3 Ko","Transport_TRA/TRA-EQ-121 vA54-2 à compter du 01-01-2024 - Annexe 2 à compter du 01-07-2026.pdf","https://www.ecologie.gouv.fr/sites/default/files/documents/TRA-EQ-121%20vA54-2%20%C3%A0%20compter%20du%2001-01-2024%20-%20Annexe%202%20%C3%A0%20compter%20du%2001-07-2026.pdf"
"Transport_TRA","TRA-EQ-122 vA32-1 à compter du 31-01-2020 : « Stop & Start » pour engins automoteurs non routiers neufs PDF – 105.68 Ko","Transport_TRA/TRA-EQ-122 vA32-1 à compter du 31-01-2020.pdf","https://www.ecologie.gouv.fr/sites/default/files/documents/TRA-EQ-122%20vA32-1%20%C3%A0%20compter%20du%2031-01-2020.pdf"
"Transport_TRA","TRA-EQ-122 vA32-1 à compter du 31-01-2020 - Partie A PDF – 99.79 Ko","Transport_TRA/TRA-EQ-122 vA32-1 à compter du 31-01-2020 - Partie A.pdf","https://www.ecologie.gouv.fr/sites/default/files/documents/TRA-EQ-122%20vA32-1%20%C3%A0%20compter%20du%2031-01-2020%20-%20Partie%20A.pdf"
"Transport_TRA","TRA-EQ-122 vA32-1 à compter du 31-01-2020 - Partie A à compter du 01-07-2026 PDF – 104.05 Ko","Transport_TRA/TRA-EQ-122 vA32-1 à compter du 31-01-2020 - Partie A à compter du 01-07-2026.pdf","https://www.ecologie.gouv.fr/sites/default/files/documents/TRA-EQ-122%20vA32-1%20%C3%A0%20compter%20du%2031-01-2020%20-%20Partie%20A%20%C3%A0%20compter%20du%2001-07-2026.pdf"
"Transport_TRA","TRA-EQ-122 vA32-1 à compter du 31-01-2020 - Annexe 2 à compter du 01-07-2025 PDF – 105.13 Ko","Transport_TRA/TRA-EQ-122 vA32-1 à compter du 31-01-2020 - Annexe 2 à compter du 01-07-2025.pdf","https://www.ecologie.gouv.fr/sites/default/files/documents/TRA-EQ-122%20vA32-1%20%C3%A0%20compter%20du%2031-01-2020%20-%20Annexe%202%20%C3%A0%20compter%20du%2001-07-2025.pdf"
"Transport_TRA","TRA-EQ-122 vA32-1 à compter du 31-01-2020 - Annexe 2 à compter du 01-07-2026 PDF – 98.44 Ko","Transport_TRA/TRA-EQ-122 vA32-1 à compter du 31-01-2020 - Annexe 2 à compter du 01-07-2026.pdf","https://www.ecologie.gouv.fr/sites/default/files/documents/TRA-EQ-122%20vA32-1%20%C3%A0%20compter%20du%2031-01-2020%20-%20Annexe%202%20%C3%A0%20compter%20du%2001-07-2026.pdf"
"Transport_TRA","TRA-EQ-123 v A38-2 à compter du 01-11-2021 : Simulateur de conduite PDF – 109.27 Ko","Transport_TRA/TRA-EQ-123 v A38-2 à compter du 01-11-2021_0.pdf","https://www.ecologie.gouv.fr/sites/default/files/documents/TRA-EQ-123%20v%20A38-2%20%C3%A0%20compter%20du%2001-11-2021_0.pdf"
"Transport_TRA","TRA-EQ-123 v A38-2 à compter du 01-11-2021 - Partie A PDF – 100.18 Ko","Transport_TRA/TRA-EQ-123 v A38-2 à compter du 01-11-2021 - Partie A.pdf","https://www.ecologie.gouv.fr/sites/default/files/documents/TRA-EQ-123%20v%20A38-2%20%C3%A0%20compter%20du%2001-11-2021%20-%20Partie%20A.pdf"
"Transport_TRA","TRA-EQ-123 v A38-2 à compter du 01-11-2021 - Partie A à compter du 01-07-2026 PDF – 103.48 Ko","Transport_TRA/TRA-EQ-123 v A38-2 à compter du 01-11-2021 - Partie A à compter du 01-07-2026.pdf","https://www.ecologie.gouv.fr/sites/default/files/documents/TRA-EQ-123%20v%20A38-2%20%C3%A0%20compter%20du%2001-11-2021%20-%20Partie%20A%20%C3%A0%20compter%20du%2001-07-2026.pdf"
"Transport_TRA","TRA-EQ-124 vA35-1 à compter du 03-08-2020 : Branchement électrique des navires et bateaux à quai PDF – 103.53 Ko","Transport_TRA/TRA-EQ-124 vA35-1 à compter du 03-08-2020.pdf","https://www.ecologie.gouv.fr/sites/default/files/documents/TRA-EQ-124%20vA35-1%20%C3%A0%20compter%20du%2003-08-2020.pdf"
"Transport_TRA","TRA-EQ-124 vA35-1 à compter du 03-08-2020 - Partie A PDF – 87.8 Ko","Transport_TRA/TRA-EQ-124 vA35-1 à compter du 03-08-2020 - Partie A.pdf","https://www.ecologie.gouv.fr/sites/default/files/documents/TRA-EQ-124%20vA35-1%20%C3%A0%20compter%20du%2003-08-2020%20-%20Partie%20A.pdf"
"Transport_TRA","TRA-EQ-124 vA35-1 à compter du 03-08-2020 - Partie A à compter du 01-07-2026 PDF – 93.81 Ko","Transport_TRA/TRA-EQ-124 vA35-1 à compter du 03-08-2020 - Partie A à compter du 01-07-2026.pdf","https://www.ecologie.gouv.fr/sites/default/files/documents/TRA-EQ-124%20vA35-1%20%C3%A0%20compter%20du%2003-08-2020%20-%20Partie%20A%20%C3%A0%20compter%20du%2001-07-2026.pdf"
"Transport_TRA","TRA-EQ-124 vA35-1 à compter du 03-08-2020 - Annexe 2 à compter du 01-07-2025 PDF – 105.73 Ko","Transport_TRA/TRA-EQ-124 vA35-1 à compter du 03-08-2020 - Annexe 2 à compter du 01-07-2025.pdf","https://www.ecologie.gouv.fr/sites/default/files/documents/TRA-EQ-124%20vA35-1%20%C3%A0%20compter%20du%2003-08-2020%20-%20Annexe%202%20%C3%A0%20compter%20du%2001-07-2025.pdf"
"Transport_TRA","TRA-EQ-124 vA35-1 à compter du 03-08-2020 - Annexe 2 à compter du 01-07-2026 PDF – 98.78 Ko","Transport_TRA/TRA-EQ-124 vA35-1 à compter du 03-08-2020 - Annexe 2 à compter du 01-07-2026.pdf","https://www.ecologie.gouv.fr/sites/default/files/documents/TRA-EQ-124%20vA35-1%20%C3%A0%20compter%20du%2003-08-2020%20-%20Annexe%202%20%C3%A0%20compter%20du%2001-07-2026.pdf"
"Transport_TRA","TRA-EQ-125 vA40-2 à compter du 01-04-2022 : « Stop & Start » pour véhicules ferroviaires PDF – 106.21 Ko","Transport_TRA/TRA-EQ-125 vA40-2 à compter du 01-04-2022_0.pdf","https://www.ecologie.gouv.fr/sites/default/files/documents/TRA-EQ-125%20vA40-2%20%C3%A0%20compter%20du%2001-04-2022_0.pdf"
"Transport_TRA","TRA-EQ-125 vA40-2 à compter du 01-04-2022 - Partie A PDF – 94.07 Ko","Transport_TRA/TRA-EQ-125 vA40-2 à compter du 01-04-2022 - Partie A.pdf","https://www.ecologie.gouv.fr/sites/default/files/documents/TRA-EQ-125%20vA40-2%20%C3%A0%20compter%20du%2001-04-2022%20-%20Partie%20A.pdf"
"Transport_TRA","TRA-EQ-125 vA40-2 à compter du 01-04-2022 - Partie A à compter du 01-07-2026 PDF – 98.95 Ko","Transport_TRA/TRA-EQ-125 vA40-2 à compter du 01-04-2022 - Partie A à compter du 01-07-2026.pdf","https://www.ecologie.gouv.fr/sites/default/files/documents/TRA-EQ-125%20vA40-2%20%C3%A0%20compter%20du%2001-04-2022%20-%20Partie%20A%20%C3%A0%20compter%20du%2001-07-2026.pdf"
"Transport_TRA","TRA-EQ-125 vA40-2 à compter du 01-04-2022 - Annexe 2 à compter du 01-07-2025 PDF – 106.42 Ko","Transport_TRA/TRA-EQ-125 vA40-2 à compter du 01-04-2022 - Annexe 2 à compter du 01-07-2025.pdf","https://www.ecologie.gouv.fr/sites/default/files/documents/TRA-EQ-125%20vA40-2%20%C3%A0%20compter%20du%2001-04-2022%20-%20Annexe%202%20%C3%A0%20compter%20du%2001-07-2025.pdf"
"Transport_TRA","TRA-EQ-125 vA40-2 à compter du 01-04-2022 - Annexe 2 à compter du 01-07-2026 PDF – 99.64 Ko","Transport_TRA/TRA-EQ-125 vA40-2 à compter du 01-04-2022 - Annexe 2 à compter du 01-07-2026.pdf","https://www.ecologie.gouv.fr/sites/default/files/documents/TRA-EQ-125%20vA40-2%20%C3%A0%20compter%20du%2001-04-2022%20-%20Annexe%202%20%C3%A0%20compter%20du%2001-07-2026.pdf"
"Transport_TRA","TRA-EQ-126 vA43-1 à compter du 23-02-2022 : Remotorisation en propulsion électrique ou hybride d’un bateau naviguant en eaux intérieures PDF – 120.58 Ko","Transport_TRA/TRA-EQ-126 vA43-1 à compter du 23-02-2022.pdf","https://www.ecologie.gouv.fr/sites/default/files/documents/TRA-EQ-126%20vA43-1%20%C3%A0%20compter%20du%2023-02-2022.pdf"
"Transport_TRA","TRA-EQ-126 vA43-1 à compter du 23-02-2022 - Partie A PDF – 109.41 Ko","Transport_TRA/TRA-EQ-126 vA43-1 à compter du 23-02-2022 - Partie A.pdf","https://www.ecologie.gouv.fr/sites/default/files/documents/TRA-EQ-126%20vA43-1%20%C3%A0%20compter%20du%2023-02-2022%20-%20Partie%20A.pdf"
"Transport_TRA","TRA-EQ-126 vA43-1 à compter du 23-02-2022 - Partie A à compter du 01-07-2026 PDF – 112.81 Ko","Transport_TRA/TRA-EQ-126 vA43-1 à compter du 23-02-2022 - Partie A à compter du 01-07-2026.pdf","https://www.ecologie.gouv.fr/sites/default/files/documents/TRA-EQ-126%20vA43-1%20%C3%A0%20compter%20du%2023-02-2022%20-%20Partie%20A%20%C3%A0%20compter%20du%2001-07-2026.pdf"
"Transport_TRA","TRA-EQ-126 vA43-1 à compter du 23-02-2022 - Annexe 2 à compter du 01-07-2025 PDF – 118.28 Ko","Transport_TRA/TRA-EQ-126 vA43-1 à compter du 23-02-2022 - Annexe 2 à compter du 01-07-2025.pdf","https://www.ecologie.gouv.fr/sites/default/files/documents/TRA-EQ-126%20vA43-1%20%C3%A0%20compter%20du%2023-02-2022%20-%20Annexe%202%20%C3%A0%20compter%20du%2001-07-2025.pdf"
"Transport_TRA","TRA-EQ-126 vA43-1 à compter du 23-02-2022 - Annexe 2 à compter du 01-07-2026 PDF – 111.34 Ko","Transport_TRA/TRA-EQ-126 vA43-1 à compter du 23-02-2022 - Annexe 2 à compter du 01-07-2026.pdf","https://www.ecologie.gouv.fr/sites/default/files/documents/TRA-EQ-126%20vA43-1%20%C3%A0%20compter%20du%2023-02-2022%20-%20Annexe%202%20%C3%A0%20compter%20du%2001-07-2026.pdf"
"Transport_TRA","TRA-EQ-127 vA54-1 à compter du 01-10-2023 : Acquisition d’un bateau neuf à propulsion électrique ou hybride, naviguant en eaux intérieures PDF – 142.11 Ko","Transport_TRA/TRA-EQ-127 vA54-1 à compter du 01-10-2023_0.pdf","https://www.ecologie.gouv.fr/sites/default/files/documents/TRA-EQ-127%20vA54-1%20%C3%A0%20compter%20du%2001-10-2023_0.pdf"
"Transport_TRA","TRA-EQ-127 vA54-1 à compter du 01-10-2023 - Partie A PDF – 104.49 Ko","Transport_TRA/TRA-EQ-127 vA54-1 à compter du 01-10-2023 - Partie A_0.pdf","https://www.ecologie.gouv.fr/sites/default/files/documents/TRA-EQ-127%20vA54-1%20%C3%A0%20compter%20du%2001-10-2023%20-%20Partie%20A_0.pdf"
"Transport_TRA","TRA-EQ-127 vA54-1 à compter du 01-10-2023 - Partie A à compter du 01-07-2026 PDF – 108.38 Ko","Transport_TRA/TRA-EQ-127 vA54-1 à compter du 01-10-2023 - Partie A à compter du 01-07-2026.pdf","https://www.ecologie.gouv.fr/sites/default/files/documents/TRA-EQ-127%20vA54-1%20%C3%A0%20compter%20du%2001-10-2023%20-%20Partie%20A%20%C3%A0%20compter%20du%2001-07-2026.pdf"
"Transport_TRA","TRA-EQ-127 vA54-1 à compter du 01-10-2023 - Annexe 2 à compter du 01-07-2025 PDF – 138.4 Ko","Transport_TRA/TRA-EQ-127 vA54-1 à compter du 01-10-2023 - Annexe 2 à compter du 01-07-2025.pdf","https://www.ecologie.gouv.fr/sites/default/files/documents/TRA-EQ-127%20vA54-1%20%C3%A0%20compter%20du%2001-10-2023%20-%20Annexe%202%20%C3%A0%20compter%20du%2001-07-2025.pdf"
"Transport_TRA","TRA-EQ-127 vA54-1 à compter du 01-10-2023 - Annexe 2 à compter du 01-07-2026 PDF – 175.26 Ko","Transport_TRA/TRA-EQ-127 vA54-1 à compter du 01-10-2023 - Annexe 2 à compter du 01-07-2026.pdf","https://www.ecologie.gouv.fr/sites/default/files/documents/TRA-EQ-127%20vA54-1%20%C3%A0%20compter%20du%2001-10-2023%20-%20Annexe%202%20%C3%A0%20compter%20du%2001-07-2026.pdf"
"Transport_TRA","TRA-EQ-128 vA68-3 à compter du 28-05-2025 : Achat ou location d’un autocar ou d’un autobus électrique neuf ou réalisation d’une opération de rétrofit électrique d’autocar ou d’autobus PDF – 144.17 Ko","Transport_TRA/TRA-EQ-128 vA68-3 à compter du 28-05-2025.pdf","https://www.ecologie.gouv.fr/sites/default/files/documents/TRA-EQ-128%20vA68-3%20%C3%A0%20compter%20du%2028-05-2025.pdf"
"Transport_TRA","TRA-EQ-128 vA68-3 à compter du 28-05-2025 - Partie A PDF – 129.14 Ko","Transport_TRA/TRA-EQ-128 vA68-3 à compter du 28-05-2025 - Partie A.pdf","https://www.ecologie.gouv.fr/sites/default/files/documents/TRA-EQ-128%20vA68-3%20%C3%A0%20compter%20du%2028-05-2025%20-%20Partie%20A.pdf"
"Transport_TRA","TRA-EQ-128 vA68-3 à compter du 28-05-2025 - Partie A à compter du 01-07-2026 PDF – 132.81 Ko","Transport_TRA/TRA-EQ-128 vA68-3 à compter du 28-05-2025 - Partie A à compter du 01-07-2026.pdf","https://www.ecologie.gouv.fr/sites/default/files/documents/TRA-EQ-128%20vA68-3%20%C3%A0%20compter%20du%2028-05-2025%20-%20Partie%20A%20%C3%A0%20compter%20du%2001-07-2026.pdf"
"Transport_TRA","TRA-EQ-128 vA68-3 à compter du 28-05-2025 - Annexe 2 à compter du 01-07-2025 PDF – 107.97 Ko","Transport_TRA/TRA-EQ-128 vA68-3 à compter du 28-05-2025 - Annexe 2 à compter du 01-07-2025.pdf","https://www.ecologie.gouv.fr/sites/default/files/documents/TRA-EQ-128%20vA68-3%20%C3%A0%20compter%20du%2028-05-2025%20-%20Annexe%202%20%C3%A0%20compter%20du%2001-07-2025.pdf"
"Transport_TRA","TRA-EQ-128 vA68-3 à compter du 28-05-2025 - Annexe 2 à compter du 01-07-2026 PDF – 101.27 Ko","Transport_TRA/TRA-EQ-128 vA68-3 à compter du 28-05-2025 - Annexe 2 à compter du 01-07-2026.pdf","https://www.ecologie.gouv.fr/sites/default/files/documents/TRA-EQ-128%20vA68-3%20%C3%A0%20compter%20du%2028-05-2025%20-%20Annexe%202%20%C3%A0%20compter%20du%2001-07-2026.pdf"
"Transport_TRA","TRA-EQ-128 vA68-3 Feuille récapitulative XLSX – 11.67 Ko","Transport_TRA/TRA-EQ-128 vA68-3 Feuille récapitulative_0.xlsx","https://www.ecologie.gouv.fr/sites/default/files/documents/TRA-EQ-128%20vA68-3%20Feuille%20r%C3%A9capitulative_0.xlsx"
"Transport_TRA","TRA-EQ-129 vA73-3 à compter du 01-11-2025 : Achat ou location d’un véhicule lourd électrique neuf de transport de marchandises ou issu d’une opération de rétrofit électrique PDF – 194.59 Ko","Transport_TRA/TRA-EQ-129 vA73-3 à compter du 01-11-2025.pdf","https://www.ecologie.gouv.fr/sites/default/files/documents/TRA-EQ-129%20vA73-3%20%C3%A0%20compter%20du%2001-11-2025.pdf"
"Transport_TRA","TRA-EQ-129 vA73-3 à compter du 01-11-2025 - Partie A PDF – 128.99 Ko","Transport_TRA/TRA-EQ-129 vA73-3 à compter du 01-11-2025 - Partie A.pdf","https://www.ecologie.gouv.fr/sites/default/files/documents/TRA-EQ-129%20vA73-3%20%C3%A0%20compter%20du%2001-11-2025%20-%20Partie%20A.pdf"
"Transport_TRA","TRA-EQ-129 vA73-3 à compter du 01-11-2025 - Partie A à compter du 01-07-2026 PDF – 132.43 Ko","Transport_TRA/TRA-EQ-129 vA73-3 à compter du 01-11-2025 - Partie A à compter du 01-07-2026.pdf","https://www.ecologie.gouv.fr/sites/default/files/documents/TRA-EQ-129%20vA73-3%20%C3%A0%20compter%20du%2001-11-2025%20-%20Partie%20A%20%C3%A0%20compter%20du%2001-07-2026.pdf"
"Transport_TRA","TRA-EQ-129 vA73-3 à compter du 01-11-2025 - Annexe 2 à compter du 01-07-2025 PDF – 107.78 Ko","Transport_TRA/TRA-EQ-129 vA73-3 à compter du 01-11-2025 - Annexe 2 à compter du 01-07-2025.pdf","https://www.ecologie.gouv.fr/sites/default/files/documents/TRA-EQ-129%20vA73-3%20%C3%A0%20compter%20du%2001-11-2025%20-%20Annexe%202%20%C3%A0%20compter%20du%2001-07-2025.pdf"
"Transport_TRA","TRA-EQ-129 vA73-3 à compter du 01-11-2025 - Annexe 2 à compter du 01-07-2026 PDF – 101.11 Ko","Transport_TRA/TRA-EQ-129 vA73-3 à compter du 01-11-2025 - Annexe 2 à compter du 01-07-2026.pdf","https://www.ecologie.gouv.fr/sites/default/files/documents/TRA-EQ-129%20vA73-3%20%C3%A0%20compter%20du%2001-11-2025%20-%20Annexe%202%20%C3%A0%20compter%20du%2001-07-2026.pdf"
"Transport_TRA","TRA-EQ-129 vA73-3 Feuille récapitulative XLSX – 11.9 Ko","Transport_TRA/TRA-EQ-129 vA73-3 Feuille récapitulative.xlsx","https://www.ecologie.gouv.fr/sites/default/files/documents/TRA-EQ-129%20vA73-3%20Feuille%20r%C3%A9capitulative.xlsx"
"Transport_TRA","TRA-EQ-130 vA73-3 à compter du 01-09-2025 : Achat ou location d’un quadricycle électrique neuf PDF – 131.3 Ko","Transport_TRA/TRA-EQ-130 vA73-3 à compter du 01-09-2025.pdf","https://www.ecologie.gouv.fr/sites/default/files/documents/TRA-EQ-130%20vA73-3%20%C3%A0%20compter%20du%2001-09-2025.pdf"
"Transport_TRA","TRA-EQ-130 vA73-3 à compter du 01-09-2025 - Partie A PDF – 91.37 Ko","Transport_TRA/TRA-EQ-130 vA73-3 à compter du 01-09-2025 - Partie A.pdf","https://www.ecologie.gouv.fr/sites/default/files/documents/TRA-EQ-130%20vA73-3%20%C3%A0%20compter%20du%2001-09-2025%20-%20Partie%20A.pdf"
"Transport_TRA","TRA-EQ-130 vA73-3 à compter du 01-09-2025 - Partie A à compter du 01-07-2026 PDF – 95.74 Ko","Transport_TRA/TRA-EQ-130 vA73-3 à compter du 01-09-2025 - Partie A à compter du 01-07-2026.pdf","https://www.ecologie.gouv.fr/sites/default/files/documents/TRA-EQ-130%20vA73-3%20%C3%A0%20compter%20du%2001-09-2025%20-%20Partie%20A%20%C3%A0%20compter%20du%2001-07-2026.pdf"
"Transport_TRA","TRA-EQ-130 vA73-3 à compter du 01-09-2025 - Annexe 2 à compter du 01-07-2025 PDF – 121.56 Ko","Transport_TRA/TRA-EQ-130 vA73-3 à compter du 01-09-2025 - Annexe 2 à compter du 01-07-2025.pdf","https://www.ecologie.gouv.fr/sites/default/files/documents/TRA-EQ-130%20vA73-3%20%C3%A0%20compter%20du%2001-09-2025%20-%20Annexe%202%20%C3%A0%20compter%20du%2001-07-2025.pdf"
"Transport_TRA","TRA-EQ-130 vA73-3 à compter du 01-09-2025 - Annexe 2 à compter du 01-07-2026 PDF – 114.44 Ko","Transport_TRA/TRA-EQ-130 vA73-3 à compter du 01-09-2025 - Annexe 2 à compter du 01-07-2026.pdf","https://www.ecologie.gouv.fr/sites/default/files/documents/TRA-EQ-130%20vA73-3%20%C3%A0%20compter%20du%2001-09-2025%20-%20Annexe%202%20%C3%A0%20compter%20du%2001-07-2026.pdf"
"Transport_TRA","TRA-EQ-130 vA73-3 Feuille récapitulative XLS – 23.5 Ko","Transport_TRA/TRA-EQ-130 vA73-3 Feuille récapitulative.xls","https://www.ecologie.gouv.fr/sites/default/files/documents/TRA-EQ-130%20vA73-3%20Feuille%20r%C3%A9capitulative.xls"
"Transport_TRA","TRA-EQ-131 vA73-2 à compter du 23-08-2025 : Achat ou location, par une personne morale, de vélos-cargos neufs ou reconditionnés PDF – 111.41 Ko","Transport_TRA/TRA-EQ-131 vA73-2 à compter du 23-08-2025_0.pdf","https://www.ecologie.gouv.fr/sites/default/files/documents/TRA-EQ-131%20vA73-2%20%C3%A0%20compter%20du%2023-08-2025_0.pdf"
"Transport_TRA","TRA-EQ-131 vA73-2 à compter du 23-08-2025 - Partie A PDF – 98.04 Ko","Transport_TRA/TRA-EQ-131 vA73-2 à compter du 23-08-2025 - Partie A.pdf","https://www.ecologie.gouv.fr/sites/default/files/documents/TRA-EQ-131%20vA73-2%20%C3%A0%20compter%20du%2023-08-2025%20-%20Partie%20A.pdf"
"Transport_TRA","TRA-EQ-131 vA73-2 à compter du 23-08-2025 - Partie A à compter du 01-07-2026 PDF – 103.04 Ko","Transport_TRA/TRA-EQ-131 vA73-2 à compter du 23-08-2025 - Partie A à compter du 01-07-2026.pdf","https://www.ecologie.gouv.fr/sites/default/files/documents/TRA-EQ-131%20vA73-2%20%C3%A0%20compter%20du%2023-08-2025%20-%20Partie%20A%20%C3%A0%20compter%20du%2001-07-2026.pdf"
"Transport_TRA","TRA-EQ-131 vA73-2 à compter du 23-08-2025 - Annexe 2 à compter du 23-08-2025 PDF – 124.35 Ko","Transport_TRA/TRA-EQ-131 vA73-2 à compter du 23-08-2025 - Annexe 2 à compter du 23-08-2025.pdf","https://www.ecologie.gouv.fr/sites/default/files/documents/TRA-EQ-131%20vA73-2%20%C3%A0%20compter%20du%2023-08-2025%20-%20Annexe%202%20%C3%A0%20compter%20du%2023-08-2025.pdf"
"Transport_TRA","TRA-EQ-131 vA73-2 à compter du 23-08-2025 - Annexe 2 à compter du 01-07-2026 PDF – 117.1 Ko","Transport_TRA/TRA-EQ-131 vA73-2 à compter du 23-08-2025 - Annexe 2 à compter du 01-07-2026.pdf","https://www.ecologie.gouv.fr/sites/default/files/documents/TRA-EQ-131%20vA73-2%20%C3%A0%20compter%20du%2023-08-2025%20-%20Annexe%202%20%C3%A0%20compter%20du%2001-07-2026.pdf"
"Transport_TRA","TRA-EQ-131 vA73-2 Feuille récapitulative XLSX – 11.38 Ko","Transport_TRA/TRA-EQ-131 vA73-2 Feuille récapitulative_0.xlsx","https://www.ecologie.gouv.fr/sites/default/files/documents/TRA-EQ-131%20vA73-2%20Feuille%20r%C3%A9capitulative_0.xlsx"
"Transport_TRA","TRA-EQ-132 vA65-1 à compter du 01-01-2025 : Appareil de mesure, d’analyse et d’optimisation de la consommation de carburant d’un navire de pêche PDF – 244.94 Ko","Transport_TRA/TRA-EQ-132 vA65-1 à compter du 01-01-2025_0.pdf","https://www.ecologie.gouv.fr/sites/default/files/documents/TRA-EQ-132%20vA65-1%20%C3%A0%20compter%20du%2001-01-2025_0.pdf"
"Transport_TRA","TRA-EQ-132 vA65-1 à compter du 01-01-2025 - Partie A PDF – 96.74 Ko","Transport_TRA/TRA-EQ-132 vA65-1 à compter du 01-01-2025 - Partie A.pdf","https://www.ecologie.gouv.fr/sites/default/files/documents/TRA-EQ-132%20vA65-1%20%C3%A0%20compter%20du%2001-01-2025%20-%20Partie%20A.pdf"
"Transport_TRA","TRA-EQ-132 vA65-1 à compter du 01-01-2025 - Partie A à compter du 01-07-2026 PDF – 100.11 Ko","Transport_TRA/TRA-EQ-132 vA65-1 à compter du 01-01-2025 - Partie A à compter du 01-07-2026.pdf","https://www.ecologie.gouv.fr/sites/default/files/documents/TRA-EQ-132%20vA65-1%20%C3%A0%20compter%20du%2001-01-2025%20-%20Partie%20A%20%C3%A0%20compter%20du%2001-07-2026.pdf"
"Transport_TRA","TRA-SE-101 vA14-1 : Formation d’un chauffeur de transport à la conduite économe PDF – 109.64 Ko","Transport_TRA/TRA-SE-101 vA14-1.pdf","https://www.ecologie.gouv.fr/sites/default/files/documents/TRA-SE-101%20vA14-1.pdf"
"Transport_TRA","TRA-SE-101 vA14-1 - Parties A, B et C PDF – 114.64 Ko","Transport_TRA/TRA-SE-101 vA14-1 - Parties A, B et C.pdf","https://www.ecologie.gouv.fr/sites/default/files/documents/TRA-SE-101%20vA14-1%20-%20Parties%20A%2C%20B%20et%20C.pdf"
"Transport_TRA","TRA-SE-101 vA14-1 - Partie A à compter du 01-07-2026 - Parties B et C PDF – 117.74 Ko","Transport_TRA/TRA-SE-101 vA14-1 - Partie A à compter du 01-07-2026 - Parties B et C.pdf","https://www.ecologie.gouv.fr/sites/default/files/documents/TRA-SE-101%20vA14-1%20-%20Partie%20A%20%C3%A0%20compter%20du%2001-07-2026%20-%20Parties%20B%20et%20C.pdf"
"Transport_TRA","TRA-SE-101 vA14-1 - Annexe 2 à compter du 01-07-2025 PDF – 106.18 Ko","Transport_TRA/TRA-SE-101 vA14-1 - Annexe 2 à compter du 01-07-2025.pdf","https://www.ecologie.gouv.fr/sites/default/files/documents/TRA-SE-101%20vA14-1%20-%20Annexe%202%20%C3%A0%20compter%20du%2001-07-2025.pdf"
"Transport_TRA","TRA-SE-101 vA14-1 - Annexe 2 à compter du 01-07-2026 PDF – 108.22 Ko","Transport_TRA/TRA-SE-101 vA14-1 - Annexe 2 à compter du 01-07-2026.pdf","https://www.ecologie.gouv.fr/sites/default/files/documents/TRA-SE-101%20vA14-1%20-%20Annexe%202%20%C3%A0%20compter%20du%2001-07-2026.pdf"
"Transport_TRA","TRA-SE-102 vA14-1 : Formation d’un chauffeur de véhicule léger à la conduite économe PDF – 110.35 Ko","Transport_TRA/TRA-SE-102 vA14-1.pdf","https://www.ecologie.gouv.fr/sites/default/files/documents/TRA-SE-102%20vA14-1.pdf"
"Transport_TRA","TRA-SE-102 vA14-1 - Parties A, B et C PDF – 119 Ko","Transport_TRA/TRA-SE-102 vA14-1 - Parties A, B et C.pdf","https://www.ecologie.gouv.fr/sites/default/files/documents/TRA-SE-102%20vA14-1%20-%20Parties%20A%2C%20B%20et%20C.pdf"
"Transport_TRA","TRA-SE-102 vA14-1 - Partie A à compter du 01-07-2026 - Parties B et C PDF – 121.87 Ko","Transport_TRA/TRA-SE-102 vA14-1 - Partie A à compter du 01-07-2026 - Parties B et C.pdf","https://www.ecologie.gouv.fr/sites/default/files/documents/TRA-SE-102%20vA14-1%20-%20Partie%20A%20%C3%A0%20compter%20du%2001-07-2026%20-%20Parties%20B%20et%20C.pdf"
"Transport_TRA","TRA-SE-102 vA14-1 - Annexe 2 à compter du 01-07-2025 PDF – 106.18 Ko","Transport_TRA/TRA-SE-102 vA14-1 - Annexe 2 à compter du 01-07-2025.pdf","https://www.ecologie.gouv.fr/sites/default/files/documents/TRA-SE-102%20vA14-1%20-%20Annexe%202%20%C3%A0%20compter%20du%2001-07-2025.pdf"
"Transport_TRA","TRA-SE-102 vA14-1 - Annexe 2 à compter du 01-07-2026 PDF – 108.24 Ko","Transport_TRA/TRA-SE-102 vA14-1 - Annexe 2 à compter du 01-07-2026.pdf","https://www.ecologie.gouv.fr/sites/default/files/documents/TRA-SE-102%20vA14-1%20-%20Annexe%202%20%C3%A0%20compter%20du%2001-07-2026.pdf"
"Transport_TRA","TRA-SE-104 vA14-1 : Station de gonflage des pneumatiques PDF – 133.96 Ko","Transport_TRA/TRA-SE-104 vA14-1.pdf","https://www.ecologie.gouv.fr/sites/default/files/documents/TRA-SE-104%20vA14-1.pdf"
"Transport_TRA","TRA-SE-104 vA14-1 - Partie A PDF – 94.73 Ko","Transport_TRA/TRA-SE-104 vA14-1 - Partie A.pdf","https://www.ecologie.gouv.fr/sites/default/files/documents/TRA-SE-104%20vA14-1%20-%20Partie%20A.pdf"
"Transport_TRA","TRA-SE-104 vA14-1 - Partie A à compter du 01-07-2026 PDF – 98.52 Ko","Transport_TRA/TRA-SE-104 vA14-1 - Partie A à compter du 01-07-2026.pdf","https://www.ecologie.gouv.fr/sites/default/files/documents/TRA-SE-104%20vA14-1%20-%20Partie%20A%20%C3%A0%20compter%20du%2001-07-2026.pdf"
"Transport_TRA","TRA-SE-104 vA14-1 - Annexe 2 à compter du 01-07-2025 PDF – 106.79 Ko","Transport_TRA/TRA-SE-104 vA14-1 - Annexe 2 à compter du 01-07-2025.pdf","https://www.ecologie.gouv.fr/sites/default/files/documents/TRA-SE-104%20vA14-1%20-%20Annexe%202%20%C3%A0%20compter%20du%2001-07-2025.pdf"
"Transport_TRA","TRA-SE-104 vA14-1 - Annexe 2 à compter du 01-07-2026 PDF – 99.89 Ko","Transport_TRA/TRA-SE-104 vA14-1 - Annexe 2 à compter du 01-07-2026.pdf","https://www.ecologie.gouv.fr/sites/default/files/documents/TRA-SE-104%20vA14-1%20-%20Annexe%202%20%C3%A0%20compter%20du%2001-07-2026.pdf"
"Transport_TRA","TRA-SE-105 vA14-1 : Recreusage des pneumatiques PDF – 154.71 Ko","Transport_TRA/TRA-SE-105 vA14-1.pdf","https://www.ecologie.gouv.fr/sites/default/files/documents/TRA-SE-105%20vA14-1.pdf"
"Transport_TRA","TRA-SE-105 vA14-1 - Partie A PDF – 89.93 Ko","Transport_TRA/TRA-SE-105 vA14-1 - Partie A.pdf","https://www.ecologie.gouv.fr/sites/default/files/documents/TRA-SE-105%20vA14-1%20-%20Partie%20A.pdf"
"Transport_TRA","TRA-SE-105 vA14-1 - Partie A à compter du 01-07-2026 PDF – 94.78 Ko","Transport_TRA/TRA-SE-105 vA14-1 - Partie A à compter du 01-07-2026.pdf","https://www.ecologie.gouv.fr/sites/default/files/documents/TRA-SE-105%20vA14-1%20-%20Partie%20A%20%C3%A0%20compter%20du%2001-07-2026.pdf"
"Transport_TRA","TRA-SE-105 vA14-1 - Annexe 2 à compter du 01-07-2025 PDF – 105.97 Ko","Transport_TRA/TRA-SE-105 vA14-1 - Annexe 2 à compter du 01-07-2025.pdf","https://www.ecologie.gouv.fr/sites/default/files/documents/TRA-SE-105%20vA14-1%20-%20Annexe%202%20%C3%A0%20compter%20du%2001-07-2025.pdf"
"Transport_TRA","TRA-SE-105 vA14-1 - Annexe 2 à compter du 01-07-2026 PDF – 99.26 Ko","Transport_TRA/TRA-SE-105 vA14-1 - Annexe 2 à compter du 01-07-2026.pdf","https://www.ecologie.gouv.fr/sites/default/files/documents/TRA-SE-105%20vA14-1%20-%20Annexe%202%20%C3%A0%20compter%20du%2001-07-2026.pdf"
"Transport_TRA","TRA-SE-106 vA19-2 : Mesure et optimisation des consommations de carburant pour une unité de transport fluvial PDF – 133.89 Ko","Transport_TRA/TRA-SE-106 vA19-2_0.pdf","https://www.ecologie.gouv.fr/sites/default/files/documents/TRA-SE-106%20vA19-2_0.pdf"
"Transport_TRA","TRA-SE-106 vA19-2 - Partie A PDF – 99.02 Ko","Transport_TRA/TRA-SE-106 vA19-2 - Partie A.pdf","https://www.ecologie.gouv.fr/sites/default/files/documents/TRA-SE-106%20vA19-2%20-%20Partie%20A.pdf"
"Transport_TRA","TRA-SE-106 vA19-2 - Partie A à compter du 01-07-2026 PDF – 105.48 Ko","Transport_TRA/TRA-SE-106 vA19-2 - Partie A à compter du 01-07-2026.pdf","https://www.ecologie.gouv.fr/sites/default/files/documents/TRA-SE-106%20vA19-2%20-%20Partie%20A%20%C3%A0%20compter%20du%2001-07-2026.pdf"
"Transport_TRA","TRA-SE-106 vA19-2 - Annexe 2 à compter du 01-07-2025 PDF – 106.27 Ko","Transport_TRA/TRA-SE-106 vA19-2 - Annexe 2 à compter du 01-07-2025.pdf","https://www.ecologie.gouv.fr/sites/default/files/documents/TRA-SE-106%20vA19-2%20-%20Annexe%202%20%C3%A0%20compter%20du%2001-07-2025.pdf"
"Transport_TRA","TRA-SE-106 vA19-2 - Annexe 2 à compter du 01-07-2026 PDF – 99.58 Ko","Transport_TRA/TRA-SE-106 vA19-2 - Annexe 2 à compter du 01-07-2026.pdf","https://www.ecologie.gouv.fr/sites/default/files/documents/TRA-SE-106%20vA19-2%20-%20Annexe%202%20%C3%A0%20compter%20du%2001-07-2026.pdf"
"Transport_TRA","TRA-SE-107 vA19-1 : Carénage sur une unité de transport fluvial PDF – 131.18 Ko","Transport_TRA/TRA-SE-107 vA19-1.pdf","https://www.ecologie.gouv.fr/sites/default/files/documents/TRA-SE-107%20vA19-1.pdf"
"Transport_TRA","TRA-SE-107 vA19-1 - Partie A PDF – 98.91 Ko","Transport_TRA/TRA-SE-107 vA19-1 - Partie A.pdf","https://www.ecologie.gouv.fr/sites/default/files/documents/TRA-SE-107%20vA19-1%20-%20Partie%20A.pdf"
"Transport_TRA","TRA-SE-107 vA19-1 - Partie A à compter du 01-07-2026 PDF – 105.4 Ko","Transport_TRA/TRA-SE-107 vA19-1 - Partie A à compter du 01-07-2026.pdf","https://www.ecologie.gouv.fr/sites/default/files/documents/TRA-SE-107%20vA19-1%20-%20Partie%20A%20%C3%A0%20compter%20du%2001-07-2026.pdf"
"Transport_TRA","TRA-SE-107 vA19-1 - Annexe 2 à compter du 01-07-2025 PDF – 106.15 Ko","Transport_TRA/TRA-SE-107 vA19-1 - Annexe 2 à compter du 01-07-2025.pdf","https://www.ecologie.gouv.fr/sites/default/files/documents/TRA-SE-107%20vA19-1%20-%20Annexe%202%20%C3%A0%20compter%20du%2001-07-2025.pdf"
"Transport_TRA","TRA-SE-107 vA19-1 - Annexe 2 à compter du 01-07-2026 PDF – 99.46 Ko","Transport_TRA/TRA-SE-107 vA19-1 - Annexe 2 à compter du 01-07-2026.pdf","https://www.ecologie.gouv.fr/sites/default/files/documents/TRA-SE-107%20vA19-1%20-%20Annexe%202%20%C3%A0%20compter%20du%2001-07-2026.pdf"
"Transport_TRA","TRA-SE-108 vA14-1 : Gestion externalisée de la globalité du poste pneumatique (Véhicules de transport de marchandises) PDF – 149.37 Ko","Transport_TRA/TRA-SE-108 vA14-1.pdf","https://www.ecologie.gouv.fr/sites/default/files/documents/TRA-SE-108%20vA14-1.pdf"
"Transport_TRA","TRA-SE-108 vA14-1 - Partie A PDF – 95.66 Ko","Transport_TRA/TRA-SE-108 vA14-1 - Partie A.pdf","https://www.ecologie.gouv.fr/sites/default/files/documents/TRA-SE-108%20vA14-1%20-%20Partie%20A.pdf"
"Transport_TRA","TRA-SE-108 vA14-1 - Partie A à compter du 01-07-2026 PDF – 99.49 Ko","Transport_TRA/TRA-SE-108 vA14-1 - Partie A à compter du 01-07-2026.pdf","https://www.ecologie.gouv.fr/sites/default/files/documents/TRA-SE-108%20vA14-1%20-%20Partie%20A%20%C3%A0%20compter%20du%2001-07-2026.pdf"
"Transport_TRA","TRA-SE-108 vA14-1 - Annexe 2 à compter du 01-07-2025 PDF – 106.2 Ko","Transport_TRA/TRA-SE-108 vA14-1 - Annexe 2 à compter du 01-07-2025.pdf","https://www.ecologie.gouv.fr/sites/default/files/documents/TRA-SE-108%20vA14-1%20-%20Annexe%202%20%C3%A0%20compter%20du%2001-07-2025.pdf"
"Transport_TRA","TRA-SE-108 vA14-1 - Annexe 2 à compter du 01-07-2026 PDF – 99.56 Ko","Transport_TRA/TRA-SE-108 vA14-1 - Annexe 2 à compter du 01-07-2026.pdf","https://www.ecologie.gouv.fr/sites/default/files/documents/TRA-SE-108%20vA14-1%20-%20Annexe%202%20%C3%A0%20compter%20du%2001-07-2026.pdf"
"Transport_TRA","TRA-SE-109 vA14-1 : Gestion externalisée de la globalité du poste pneumatique (Véhicules de transport de personnes) PDF – 153.56 Ko","Transport_TRA/TRA-SE-109 vA14-1_0.pdf","https://www.ecologie.gouv.fr/sites/default/files/documents/TRA-SE-109%20vA14-1_0.pdf"
"Transport_TRA","TRA-SE-109 vA14-1 - Partie A PDF – 109.01 Ko","Transport_TRA/TRA-SE-109 vA14-1 - Partie A.pdf","https://www.ecologie.gouv.fr/sites/default/files/documents/TRA-SE-109%20vA14-1%20-%20Partie%20A.pdf"
"Transport_TRA","TRA-SE-109 vA14-1 - Partie A à compter du 01-07-2026 PDF – 113.31 Ko","Transport_TRA/TRA-SE-109 vA14-1 - Partie A à compter du 01-07-2026.pdf","https://www.ecologie.gouv.fr/sites/default/files/documents/TRA-SE-109%20vA14-1%20-%20Partie%20A%20%C3%A0%20compter%20du%2001-07-2026.pdf"
"Transport_TRA","TRA-SE-109 vA14-1 - Annexe 2 à compter du 01-07-2025 PDF – 105.98 Ko","Transport_TRA/TRA-SE-109 vA14-1 - Annexe 2 à compter du 01-07-2025.pdf","https://www.ecologie.gouv.fr/sites/default/files/documents/TRA-SE-109%20vA14-1%20-%20Annexe%202%20%C3%A0%20compter%20du%2001-07-2025.pdf"
"Transport_TRA","TRA-SE-109 vA14-1 - Annexe 2 à compter du 01-07-2026 PDF – 99.37 Ko","Transport_TRA/TRA-SE-109 vA14-1 - Annexe 2 à compter du 01-07-2026.pdf","https://www.ecologie.gouv.fr/sites/default/files/documents/TRA-SE-109%20vA14-1%20-%20Annexe%202%20%C3%A0%20compter%20du%2001-07-2026.pdf"
"Transport_TRA","TRA-SE-110 vA14-1 : Gestion optimisée de la globalité du poste pneumatique (Véhicules de transport de marchandises) PDF – 140 Ko","Transport_TRA/TRA-SE-110 vA14-1.pdf","https://www.ecologie.gouv.fr/sites/default/files/documents/TRA-SE-110%20vA14-1.pdf"
"Transport_TRA","TRA-SE-110 vA14-1 - Partie A PDF – 94.47 Ko","Transport_TRA/TRA-SE-110 vA14-1 - Partie A.pdf","https://www.ecologie.gouv.fr/sites/default/files/documents/TRA-SE-110%20vA14-1%20-%20Partie%20A.pdf"
"Transport_TRA","TRA-SE-110 vA14-1 - Partie A à compter du 01-07-2026 PDF – 98.78 Ko","Transport_TRA/TRA-SE-110 vA14-1 - Partie A à compter du 01-07-2026.pdf","https://www.ecologie.gouv.fr/sites/default/files/documents/TRA-SE-110%20vA14-1%20-%20Partie%20A%20%C3%A0%20compter%20du%2001-07-2026.pdf"
"Transport_TRA","TRA-SE-110 vA14-1 - Annexe 2 à compter du 01-07-2025 PDF – 105.56 Ko","Transport_TRA/TRA-SE-110 vA14-1 - Annexe 2 à compter du 01-07-2025.pdf","https://www.ecologie.gouv.fr/sites/default/files/documents/TRA-SE-110%20vA14-1%20-%20Annexe%202%20%C3%A0%20compter%20du%2001-07-2025.pdf"
"Transport_TRA","TRA-SE-110 vA14-1 - Annexe 2 à compter du 01-07-2026 PDF – 98.96 Ko","Transport_TRA/TRA-SE-110 vA14-1 - Annexe 2 à compter du 01-07-2026.pdf","https://www.ecologie.gouv.fr/sites/default/files/documents/TRA-SE-110%20vA14-1%20-%20Annexe%202%20%C3%A0%20compter%20du%2001-07-2026.pdf"
"Transport_TRA","TRA-SE-111 vA14-1 : Gestion optimisée de la globalité du poste pneumatique (Véhicules de transport de personnes) PDF – 105.85 Ko","Transport_TRA/TRA-SE-111 vA14-1.pdf","https://www.ecologie.gouv.fr/sites/default/files/documents/TRA-SE-111%20vA14-1.pdf"
"Transport_TRA","TRA-SE-111 vA14-1 - Partie A PDF – 90.73 Ko","Transport_TRA/TRA-SE-111 vA14-1 - Partie A.pdf","https://www.ecologie.gouv.fr/sites/default/files/documents/TRA-SE-111%20vA14-1%20-%20Partie%20A.pdf"
"Transport_TRA","TRA-SE-111 vA14-1 - Partie A à compter du 01-07-2026 PDF – 94.61 Ko","Transport_TRA/TRA-SE-111 vA14-1 - Partie A à compter du 01-07-2026.pdf","https://www.ecologie.gouv.fr/sites/default/files/documents/TRA-SE-111%20vA14-1%20-%20Partie%20A%20%C3%A0%20compter%20du%2001-07-2026.pdf"
"Transport_TRA","TRA-SE-111 vA14-1 - Annexe 2 à compter du 01-07-2025 PDF – 104.84 Ko","Transport_TRA/TRA-SE-111 vA14-1 - Annexe 2 à compter du 01-07-2025.pdf","https://www.ecologie.gouv.fr/sites/default/files/documents/TRA-SE-111%20vA14-1%20-%20Annexe%202%20%C3%A0%20compter%20du%2001-07-2025.pdf"
"Transport_TRA","TRA-SE-111 vA14-1 - Annexe 2 à compter du 01-07-2026 PDF – 98.26 Ko","Transport_TRA/TRA-SE-111 vA14-1 - Annexe 2 à compter du 01-07-2026.pdf","https://www.ecologie.gouv.fr/sites/default/files/documents/TRA-SE-111%20vA14-1%20-%20Annexe%202%20%C3%A0%20compter%20du%2001-07-2026.pdf"
"Transport_TRA","TRA-SE-112 vA15-1 : Service d’autopartage en boucle PDF – 101.94 Ko","Transport_TRA/TRA-SE-112 vA15-1.pdf","https://www.ecologie.gouv.fr/sites/default/files/documents/TRA-SE-112%20vA15-1.pdf"
"Transport_TRA","TRA-SE-112 vA15-1 - Parties A et B PDF – 106.26 Ko","Transport_TRA/TRA-SE-112 vA15-1 - Parties A et B.pdf","https://www.ecologie.gouv.fr/sites/default/files/documents/TRA-SE-112%20vA15-1%20-%20Parties%20A%20et%20B.pdf"
"Transport_TRA","TRA-SE-112 vA15-1 - Partie A à compter du 01-07-2026 - Partie B PDF – 109.27 Ko","Transport_TRA/TRA-SE-112 vA15-1 - Partie A à compter du 01-07-2026 - Partie B.pdf","https://www.ecologie.gouv.fr/sites/default/files/documents/TRA-SE-112%20vA15-1%20-%20Partie%20A%20%C3%A0%20compter%20du%2001-07-2026%20-%20Partie%20B.pdf"
"Transport_TRA","TRA-SE-112 vA15-1 - Annexe 2 à compter du 01-07-2025 PDF – 105.02 Ko","Transport_TRA/TRA-SE-112 vA15-1 - Annexe 2 à compter du 01-07-2025.pdf","https://www.ecologie.gouv.fr/sites/default/files/documents/TRA-SE-112%20vA15-1%20-%20Annexe%202%20%C3%A0%20compter%20du%2001-07-2025.pdf"
"Transport_TRA","TRA-SE-112 vA15-1 - Annexe 2 à compter du 01-07-2026 PDF – 98.45 Ko","Transport_TRA/TRA-SE-112 vA15-1 - Annexe 2 à compter du 01-07-2026.pdf","https://www.ecologie.gouv.fr/sites/default/files/documents/TRA-SE-112%20vA15-1%20-%20Annexe%202%20%C3%A0%20compter%20du%2001-07-2026.pdf"
"Transport_TRA","TRA-SE-113 vA14-1 : Suivi des consommations de carburants grâce à des cartes privatives PDF – 100.08 Ko","Transport_TRA/TRA-SE-113 vA14-1.pdf","https://www.ecologie.gouv.fr/sites/default/files/documents/TRA-SE-113%20vA14-1.pdf"
"Transport_TRA","TRA-SE-113 vA14-1 - Parties A, B et C PDF – 113.39 Ko","Transport_TRA/TRA-SE-113 vA14-1 - Parties A, B et C.pdf","https://www.ecologie.gouv.fr/sites/default/files/documents/TRA-SE-113%20vA14-1%20-%20Parties%20A%2C%20B%20et%20C.pdf"
"Transport_TRA","TRA-SE-113 vA14-1 - Partie A à compter du 01-07-2026 - Parties B et C PDF – 116.31 Ko","Transport_TRA/TRA-SE-113 vA14-1 - Partie A à compter du 01-07-2026 - Parties B et C.pdf","https://www.ecologie.gouv.fr/sites/default/files/documents/TRA-SE-113%20vA14-1%20-%20Partie%20A%20%C3%A0%20compter%20du%2001-07-2026%20-%20Parties%20B%20et%20C.pdf"
"Transport_TRA","TRA-SE-113 vA14-1 - Annexe 2 à compter du 01-07-2025 PDF – 106.03 Ko","Transport_TRA/TRA-SE-113 vA14-1 - Annexe 2 à compter du 01-07-2025.pdf","https://www.ecologie.gouv.fr/sites/default/files/documents/TRA-SE-113%20vA14-1%20-%20Annexe%202%20%C3%A0%20compter%20du%2001-07-2025.pdf"
"Transport_TRA","TRA-SE-113 vA14-1 - Annexe 2 à compter du 01-07-2026 PDF – 99.15 Ko","Transport_TRA/TRA-SE-113 vA14-1 - Annexe 2 à compter du 01-07-2026.pdf","https://www.ecologie.gouv.fr/sites/default/files/documents/TRA-SE-113%20vA14-1%20-%20Annexe%202%20%C3%A0%20compter%20du%2001-07-2026.pdf"
"Transport_TRA","TRA-SE-116 vA65-2 à compter du 01-01-2025 : Fret ferroviaire PDF – 122.64 Ko","Transport_TRA/TRA-SE-116 vA65-2 à compter du 01-01-2025_0.pdf","https://www.ecologie.gouv.fr/sites/default/files/documents/TRA-SE-116%20vA65-2%20%C3%A0%20compter%20du%2001-01-2025_0.pdf"
"Transport_TRA","TRA-SE-116 vA65-2 à compter du 01-01-2025 - Partie A PDF – 89.22 Ko","Transport_TRA/TRA-SE-116 vA65-2 à compter du 01-01-2025 - Partie A.pdf","https://www.ecologie.gouv.fr/sites/default/files/documents/TRA-SE-116%20vA65-2%20%C3%A0%20compter%20du%2001-01-2025%20-%20Partie%20A.pdf"
"Transport_TRA","TRA-SE-116 vA65-2 à compter du 01-01-2025 - Partie A à compter du 01-07-2026 PDF – 93.72 Ko","Transport_TRA/TRA-SE-116 vA65-2 à compter du 01-01-2025 - Partie A à compter du 01-07-2026.pdf","https://www.ecologie.gouv.fr/sites/default/files/documents/TRA-SE-116%20vA65-2%20%C3%A0%20compter%20du%2001-01-2025%20-%20Partie%20A%20%C3%A0%20compter%20du%2001-07-2026.pdf"
"Transport_TRA","TRA-SE-116 vA65-2 à compter du 01-01-2025 - Annexe 2 à compter du 01-07-2025 PDF – 107.17 Ko","Transport_TRA/TRA-SE-116 vA65-2 à compter du 01-01-2025 - Annexe 2 à compter du 01-07-2025.pdf","https://www.ecologie.gouv.fr/sites/default/files/documents/TRA-SE-116%20vA65-2%20%C3%A0%20compter%20du%2001-01-2025%20-%20Annexe%202%20%C3%A0%20compter%20du%2001-07-2025.pdf"
"Transport_TRA","TRA-SE-116 vA65-2 à compter du 01-01-2025 - Annexe 2 à compter du 01-07-2026 PDF – 100.47 Ko","Transport_TRA/TRA-SE-116 vA65-2 à compter du 01-01-2025 - Annexe 2 à compter du 01-07-2026.pdf","https://www.ecologie.gouv.fr/sites/default/files/documents/TRA-SE-116%20vA65-2%20%C3%A0%20compter%20du%2001-01-2025%20-%20Annexe%202%20%C3%A0%20compter%20du%2001-07-2026.pdf"
"Transport_TRA","TRA-SE-116 vA65-2 Feuille récapitulative XLSX – 13.46 Ko","Transport_TRA/TRA-SE-116 vA65-2 Feuille récapitulative_0.xlsx","https://www.ecologie.gouv.fr/sites/default/files/documents/TRA-SE-116%20vA65-2%20Feuille%20r%C3%A9capitulative_0.xlsx"
"Transport_TRA","TRA-SE-117 vA65-1 à compter du 01-01-2025 : Fret fluvial PDF – 177.34 Ko","Transport_TRA/TRA-SE-117 vA65-1 à compter du 01-01-2025_0.pdf","https://www.ecologie.gouv.fr/sites/default/files/documents/TRA-SE-117%20vA65-1%20%C3%A0%20compter%20du%2001-01-2025_0.pdf"
"Transport_TRA","TRA-SE-117 vA65-1 à compter du 01-01-2025 - Partie A PDF – 92.89 Ko","Transport_TRA/TRA-SE-117 vA65-1 à compter du 01-01-2025 - Partie A.pdf","https://www.ecologie.gouv.fr/sites/default/files/documents/TRA-SE-117%20vA65-1%20%C3%A0%20compter%20du%2001-01-2025%20-%20Partie%20A.pdf"
"Transport_TRA","TRA-SE-117 vA65-1 à compter du 01-01-2025 - Partie A à compter du 01-07-2026 PDF – 96.5 Ko","Transport_TRA/TRA-SE-117 vA65-1 à compter du 01-01-2025 - Partie A à compter du 01-07-2026.pdf","https://www.ecologie.gouv.fr/sites/default/files/documents/TRA-SE-117%20vA65-1%20%C3%A0%20compter%20du%2001-01-2025%20-%20Partie%20A%20%C3%A0%20compter%20du%2001-07-2026.pdf"
"Transport_TRA","TRA-SE-117 vA65-1 à compter du 01-01-2025 - Annexe 2 à compter du 01-07-2025 PDF – 107.11 Ko","Transport_TRA/TRA-SE-117 vA65-1 à compter du 01-01-2025 - Annexe 2 à compter du 01-07-2025.pdf","https://www.ecologie.gouv.fr/sites/default/files/documents/TRA-SE-117%20vA65-1%20%C3%A0%20compter%20du%2001-01-2025%20-%20Annexe%202%20%C3%A0%20compter%20du%2001-07-2025.pdf"
"Transport_TRA","TRA-SE-117 vA65-1 à compter du 01-01-2025 - Annexe 2 à compter du 01-07-2026 PDF – 100.44 Ko","Transport_TRA/TRA-SE-117 vA65-1 à compter du 01-01-2025 - Annexe 2 à compter du 01-07-2026.pdf","https://www.ecologie.gouv.fr/sites/default/files/documents/TRA-SE-117%20vA65-1%20%C3%A0%20compter%20du%2001-01-2025%20-%20Annexe%202%20%C3%A0%20compter%20du%2001-07-2026.pdf"
"Transport_TRA","TRA-SE-117 vA65-1 Feuille récapitulative XLSX – 13.12 Ko","Transport_TRA/TRA-SE-117 vA65-1 Feuille récapitulative_0.xlsx","https://www.ecologie.gouv.fr/sites/default/files/documents/TRA-SE-117%20vA65-1%20Feuille%20r%C3%A9capitulative_0.xlsx"
